# cfh_batch: enumerating strict hypothesis-meeting (A,k) and certifying
# max_base=20, sizes [3, 5], k in [1, 2]
# A                              k   R        c*           T*           step    
  {3,4,5}                        1   1.083    79           625          4       
  {3,4,5}                        2   1.083    77613        390625       5       
  {3,4,6}                        1   1.033    986          4096         7       
  {3,4,6}                        2   1.033    242113       1594323      7       
  {3,4,5,6}                      1   1.283    2            16           4       
  {3,4,5,6}                      2   1.283    1068         1296         6       
  {3,4,5,7}                      1   1.25     22           49           4       
  {3,4,5,7}                      2   1.25     695          2187         4       
  {3,4,5,8}                      1   1.226    10           64           4       
  {3,4,5,8}                      2   1.226    1223         3125         4       
  {3,4,5,9}                      1   1.208    15           64           4       
  {3,4,5,9}                      2   1.208    3235         6561         5       
  {3,4,5,10}                     1   1.194    11           64           4       
  {3,4,5,10}                     2   1.194    1236         3125         6       
  {3,4,5,11}                     1   1.183    74           243          6       
  {3,4,5,11}                     2   1.183    2338         14641        4       
  {3,4,5,12}                     1   1.174    22           81           5       
  {3,4,5,12}                     2   1.174    2633         15625        4       
  {3,4,5,13}                     1   1.167    15           64           6       
  {3,4,5,13}                     2   1.167    3164         59049        4       
  {3,4,5,14}                     1   1.16     15           64           6       
  {3,4,5,14}                     2   1.16     3191         15625        4       
  {3,4,5,15}                     1   1.155    26           81           5       
  {3,4,5,15}                     2   1.155    3437         15625        3       
  {3,4,5,16}                     1   1.15     79           625          5       
  {3,4,5,16}                     2   1.15     58301        177147       6       
  {3,4,5,17}                     1   1.146    15           64           6       
  {3,4,5,17}                     2   1.146    3480         15625        4       
  {3,4,5,18}                     1   1.142    15           64           6       
  {3,4,5,18}                     2   1.142    3804         15625        5       
  {3,4,5,19}                     1   1.139    15           25           7       
  {3,4,5,19}                     2   1.139    3768         15625        5       
  {3,4,5,20}                     1   1.136    26           81           6       
  {3,4,5,20}                     2   1.136    6111         59049        3       
  {3,4,6,7}                      1   1.2      24           49           6       
  {3,4,6,7}                      2   1.2      2062         4096         6       
  {3,4,6,8}                      1   1.176    5            16           6       
  {3,4,6,8}                      2   1.176    6342         16384        6       
  {3,4,6,9}                      1   1.158    17           64           6       
  {3,4,6,9}                      2   1.158    7405         16384        6       
  {3,4,6,10}                     1   1.144    24           81           5       
  {3,4,6,10}                     2   1.144    5690         16384        6       
  {3,4,6,11}                     1   1.133    8            16           6       
  {3,4,6,11}                     2   1.133    2174         6561         5       
  {3,4,6,12}                     1   1.124    17           64           6       
  {3,4,6,12}                     2   1.124    4182         16384        6       
  {3,4,6,13}                     1   1.117    57           729          5       
  {3,4,6,13}                     2   1.117    3200         16384        6       
  {3,4,6,14}                     1   1.11     11           27           8       
  {3,4,6,14}                     2   1.11     4670         16384        6       
  {3,4,6,15}                     1   1.105    17           216          4       
  {3,4,6,15}                     2   1.105    7519         46656        4       
  {3,4,6,16}                     1   1.1      205          729          6       
  {3,4,6,16}                     2   1.1      8750         46656        5       
  {3,4,6,17}                     1   1.096    41           729          6       
  {3,4,6,17}                     2   1.096    6431         16384        6       
  {3,4,6,18}                     1   1.092    17           216          4       
  {3,4,6,18}                     2   1.092    6350         16384        6       
  {3,4,6,19}                     1   1.089    205          729          7       
  {3,4,6,19}                     2   1.089    6631         16384        6       
  {3,4,6,20}                     1   1.086    44           400          7       
  {3,4,6,20}                     2   1.086    7454         16384        7       
  {3,4,7,8}                      1   1.143    6            16           6       
  {3,4,7,8}                      2   1.143    2642         16384        4       
  {3,4,7,9}                      1   1.125    51           81           7       
  {3,4,7,9}                      2   1.125    16567        117649       7       
  {3,4,7,10}                     1   1.111    18           81           7       
  {3,4,7,10}                     2   1.111    4044         16384        6       
  {3,4,7,11}                     1   1.1      44           81           7       
  {3,4,7,11}                     2   1.1      3355         59049        6       
  {3,4,7,12}                     1   1.091    82           243          6       
  {3,4,7,12}                     2   1.091    17261        117649       7       
  {3,4,7,13}                     1   1.083    21           169          6       
  {3,4,7,13}                     2   1.083    16468        59049        6       
  {3,4,7,14}                     1   1.077    22           196          6       
  {3,4,7,14}                     2   1.077    16445        38416        6       
  {3,4,7,15}                     1   1.071    242          729          7       
  {3,4,7,15}                     2   1.071    4231         50625        6       
  {3,4,7,16}                     1   1.067    261          729          7       
  {3,4,7,16}                     2   1.067    61683        117649       8       
  {3,4,7,17}                     1   1.062    22           729          7       
  {3,4,7,17}                     2   1.062    13445        83521        9       
  {3,4,7,18}                     1   1.059    245          729          7       
  {3,4,7,18}                     2   1.059    62145        177147       8       
  {3,4,7,19}                     1   1.056    264          729          7       
  {3,4,7,19}                     2   1.056    16431        117649       7       
  {3,4,7,20}                     1   1.053    258          729          7       
  {3,4,7,20}                     2   1.053    8947         59049        6       
  {3,4,8,9}                      1   1.101    78           512          5       
  {3,4,8,9}                      2   1.101    21349        177147       5       
  {3,4,8,10}                     1   1.087    6            64           4       
  {3,4,8,10}                     2   1.087    7351         32768        7       
  {3,4,8,11}                     1   1.076    10           81           8       
  {3,4,8,11}                     2   1.076    15984        32768        7       
  {3,4,8,12}                     1   1.067    150          512          7       
  {3,4,8,12}                     2   1.067    22662        59049        7       
  {3,4,8,13}                     1   1.06     82           512          8       
  {3,4,8,13}                     2   1.06     19431        59049        7       
  {3,4,8,14}                     1   1.053    10           196          6       
  {3,4,8,14}                     2   1.053    22018        59049        8       
  {3,4,8,15}                     1   1.048    41           512          8       
  {3,4,8,15}                     2   1.048    23450        177147       7       
  {3,4,8,16}                     1   1.043    726          16384        7       
  {3,4,8,16}                     2   1.043    183387       531441       7       
  {3,4,8,17}                     1   1.039    231          512          8       
  {3,4,8,17}                     2   1.039    24000        177147       8       
  {3,4,8,18}                     1   1.035    14           243          6       
  {3,4,8,18}                     2   1.035    49443        104976       9       
  {3,4,8,19}                     1   1.032    45           361          9       
  {3,4,8,19}                     2   1.032    23463        130321       9       
  {3,4,8,20}                     1   1.029    325          729          10      
  {3,4,8,20}                     2   1.029    26174        160000       8       
  {3,4,9,10}                     1   1.069    79           243          7       
  {3,4,9,10}                     2   1.069    65009        100000       8       
  {3,4,9,11}                     1   1.058    74           243          7       
  {3,4,9,11}                     2   1.058    70465        177147       7       
  {3,4,9,12}                     1   1.049    879          4096         9       
  {3,4,9,12}                     2   1.049    63989        531441       8       
  {3,4,9,13}                     1   1.042    160          2187         8       
  {3,4,9,13}                     2   1.042    61105        371293       9       
  {3,4,9,14}                     1   1.035    155          2187         7       
  {3,4,9,14}                     2   1.035    54188        531441       8       
  {3,4,9,15}                     1   1.03     231          2187         7       
  {3,4,9,15}                     2   1.03     64183        531441       8       
  {3,4,9,16}                     1   1.025    241          2187         7       
  {3,4,9,16}                     2   1.025    3948300      43046721     8       
  {3,4,9,17}                     1   1.021    241          2187         10      
  {3,4,9,17}                     2   1.021    73191        177147       10      
  {3,4,9,18}                     1   1.017    318          2187         10      
  {3,4,9,18}                     2   1.017    1065329      4194304      9       
  {3,4,9,19}                     1   1.014    241          2187         10      
  {3,4,9,19}                     2   1.014    189870       1048576      11      
  {3,4,9,20}                     1   1.011    240          729          10      
  {3,4,9,20}                     2   1.011    132566       531441       10      
  {3,4,10,11}                    1   1.044    72           243          8       
  {3,4,10,11}                    2   1.044    15602        100000       9       
  {3,4,10,12}                    1   1.035    82           243          9       
  {3,4,10,12}                    2   1.035    6766         59049        7       
  {3,4,10,13}                    1   1.028    61           169          9       
  {3,4,10,13}                    2   1.028    19627        100000       9       
  {3,4,10,14}                    1   1.021    75           729          8       
  {3,4,10,14}                    2   1.021    9975         38416        10      
  {3,4,10,15}                    1   1.016    63           729          10      
  {3,4,10,15}                    2   1.016    50006        100000       10      
  {3,4,10,16}                    1   1.011    251          2187         11      
  {3,4,10,16}                    2   1.011    74767        177147       11      
  {3,4,10,17}                    1   1.007    75           729          10      
  {3,4,10,17}                    2   1.007    69861        177147       13      
  {3,4,10,18}                    1   1.003    79           729          14      
  {3,4,10,18}                    2   1.003    68666        177147       15      
  {3,4,11,12}                    1   1.024    86           243          9       
  {3,4,11,12}                    2   1.024    16896        161051       8       
  {3,4,11,13}                    1   1.017    62           169          10      
  {3,4,11,13}                    2   1.017    18919        59049        10      
  {3,4,11,14}                    1   1.01     143          729          10      
  {3,4,11,14}                    2   1.01     17679        59049        12      
  {3,4,11,15}                    1   1.005    48           225          13      
  {3,4,11,15}                    2   1.005    17911        161051       13      
  {3,4,12,13}                    1   1.008    155          729          11      
  {3,4,12,13}                    2   1.008    21419        59049        13      
  {3,4,12,14}                    1   1.001    155          729          16      
  {3,4,12,14}                    2   1.001    57662        531441       16      
  {3,5,6,7}                      1   1.117    29           49           7       
  {3,5,6,7}                      2   1.117    2318         6561         5       
  {3,5,6,8}                      1   1.093    29           81           7       
  {3,5,6,8}                      2   1.093    5740         15625        6       
  {3,5,6,9}                      1   1.075    22           216          7       
  {3,5,6,9}                      2   1.075    51882        177147       7       
  {3,5,6,10}                     1   1.061    29           216          8       
  {3,5,6,10}                     2   1.061    9354         46656        6       
  {3,5,6,11}                     1   1.05     24           216          8       
  {3,5,6,11}                     2   1.05     15207        161051       8       
  {3,5,6,12}                     1   1.041    22           216          8       
  {3,5,6,12}                     2   1.041    17565        177147       8       
  {3,5,6,13}                     1   1.033    62           169          9       
  {3,5,6,13}                     2   1.033    9246         28561        9       
  {3,5,6,14}                     1   1.027    24           196          9       
  {3,5,6,14}                     2   1.027    18049        46656        11      
  {3,5,6,15}                     1   1.021    22           81           9       
  {3,5,6,15}                     2   1.021    47742        177147       9       
  {3,5,6,16}                     1   1.017    65           625          10      
  {3,5,6,16}                     2   1.017    8334         177147       9       
  {3,5,6,17}                     1   1.013    207          625          10      
  {3,5,6,17}                     2   1.013    45672        177147       11      
  {3,5,6,18}                     1   1.009    22           81           11      
  {3,5,6,18}                     2   1.009    62897        1594323      8       
  {3,5,6,19}                     1   1.006    190          361          14      
  {3,5,6,19}                     2   1.006    44772        130321       13      
  {3,5,6,20}                     1   1.003    210          729          16      
  {3,5,6,20}                     2   1.003    61175        1594323      12      
  {3,5,7,8}                      1   1.06     53           81           7       
  {3,5,7,8}                      2   1.06     3044         32768        8       
  {3,5,7,9}                      1   1.042    112          343          9       
  {3,5,7,9}                      2   1.042    77373        390625       6       
  {3,5,7,10}                     1   1.028    23           81           8       
  {3,5,7,10}                     2   1.028    15411        100000       9       
  {3,5,7,11}                     1   1.017    31           243          9       
  {3,5,7,11}                     2   1.017    17012        117649       11      
  {3,5,7,12}                     1   1.008    131          343          12      
  {3,5,7,12}                     2   1.008    75679        177147       12      
  {3,5,8,9}                      1   1.018    88           729          12      
  {3,5,8,9}                      2   1.018    61691        390625       11      
  {3,5,8,10}                     1   1.004    58           512          12      
  {3,5,8,10}                     2   1.004    16215        59049        12      
  {3,6,7,8}                      1   1.01     32           216          11      
  {3,6,7,8}                      2   1.01     20544        46656        12      
  {3,4,5,6,7}                    1   1.45     2            16           5       
  {3,4,5,6,7}                    2   1.45     312          343          5       
  {3,4,5,6,8}                    1   1.426    2            16           4       
  {3,4,5,6,8}                    2   1.426    516          729          5       
  {3,4,5,6,9}                    1   1.408    2            16           5       
  {3,4,5,6,9}                    2   1.408    852          1296         6       
  {3,4,5,6,10}                   1   1.394    2            16           5       
  {3,4,5,6,10}                   2   1.394    925          1296         6       
  {3,4,5,6,11}                   1   1.383    2            16           5       
  {3,4,5,6,11}                   2   1.383    419          729          5       
  {3,4,5,6,12}                   1   1.374    2            16           5       
  {3,4,5,6,12}                   2   1.374    327          729          6       
  {3,4,5,6,13}                   1   1.367    2            16           6       
  {3,4,5,6,13}                   2   1.367    309          625          4       
  {3,4,5,6,14}                   1   1.36     2            16           6       
  {3,4,5,6,14}                   2   1.36     298          625          4       
  {3,4,5,6,15}                   1   1.355    2            16           6       
  {3,4,5,6,15}                   2   1.355    807          1296         6       
  {3,4,5,6,16}                   1   1.35     2            16           6       
  {3,4,5,6,16}                   2   1.35     543          729          5       
  {3,4,5,6,17}                   1   1.346    2            16           6       
  {3,4,5,6,17}                   2   1.346    543          1296         6       
  {3,4,5,6,18}                   1   1.342    2            16           6       
  {3,4,5,6,18}                   2   1.342    743          1296         6       
  {3,4,5,6,19}                   1   1.339    2            16           6       
  {3,4,5,6,19}                   2   1.339    916          1296         6       
  {3,4,5,6,20}                   1   1.336    2            16           6       
  {3,4,5,6,20}                   2   1.336    916          1296         6       
  {3,4,5,7,8}                    1   1.393    6            16           6       
  {3,4,5,7,8}                    2   1.393    391          729          7       
  {3,4,5,7,9}                    1   1.375    6            16           5       
  {3,4,5,7,9}                    2   1.375    391          729          6       
  {3,4,5,7,10}                   1   1.361    6            16           5       
  {3,4,5,7,10}                   2   1.361    327          729          6       
  {3,4,5,7,11}                   1   1.35     6            16           6       
  {3,4,5,7,11}                   2   1.35     325          343          5       
  {3,4,5,7,12}                   1   1.341    6            16           6       
  {3,4,5,7,12}                   2   1.341    287          343          5       
  {3,4,5,7,13}                   1   1.333    6            16           6       
  {3,4,5,7,13}                   2   1.333    312          343          6       
  {3,4,5,7,14}                   1   1.327    6            16           6       
  {3,4,5,7,14}                   2   1.327    300          343          6       
  {3,4,5,7,15}                   1   1.321    6            16           6       
  {3,4,5,7,15}                   2   1.321    543          729          7       
  {3,4,5,7,16}                   1   1.317    22           49           4       
  {3,4,5,7,16}                   2   1.317    543          729          7       
  {3,4,5,7,17}                   1   1.312    6            16           6       
  {3,4,5,7,17}                   2   1.312    391          729          6       
  {3,4,5,7,18}                   1   1.309    6            16           6       
  {3,4,5,7,18}                   2   1.309    577          729          6       
  {3,4,5,7,19}                   1   1.306    6            16           6       
  {3,4,5,7,19}                   2   1.306    570          729          6       
  {3,4,5,7,20}                   1   1.303    22           49           4       
  {3,4,5,7,20}                   2   1.303    543          729          6       
  {3,4,5,8,9}                    1   1.351    10           25           6       
  {3,4,5,8,9}                    2   1.351    736          2187         6       
  {3,4,5,8,10}                   1   1.337    6            16           6       
  {3,4,5,8,10}                   2   1.337    591          2187         5       
  {3,4,5,8,11}                   1   1.326    10           16           6       
  {3,4,5,8,11}                   2   1.326    824          1331         6       
  {3,4,5,8,12}                   1   1.317    10           16           6       
  {3,4,5,8,12}                   2   1.317    719          729          7       
  {3,4,5,8,13}                   1   1.31     10           25           6       
  {3,4,5,8,13}                   2   1.31     824          2187         5       
  {3,4,5,8,14}                   1   1.303    10           16           6       
  {3,4,5,8,14}                   2   1.303    703          2187         5       
  {3,4,5,8,15}                   1   1.298    10           16           6       
  {3,4,5,8,15}                   2   1.298    736          729          7       
  {3,4,5,8,16}                   1   1.293    10           16           6       
  {3,4,5,8,16}                   2   1.293    1223         3125         5       
  {3,4,5,8,17}                   1   1.289    10           25           6       
  {3,4,5,8,17}                   2   1.289    736          729          7       
  {3,4,5,8,18}                   1   1.285    10           25           6       
  {3,4,5,8,18}                   2   1.285    703          2187         6       
  {3,4,5,8,19}                   1   1.282    10           16           7       
  {3,4,5,8,19}                   2   1.282    824          2187         6       
  {3,4,5,8,20}                   1   1.279    10           25           6       
  {3,4,5,8,20}                   2   1.279    719          729          6       
  {3,4,5,9,10}                   1   1.319    11           25           6       
  {3,4,5,9,10}                   2   1.319    898          2187         5       
  {3,4,5,9,11}                   1   1.308    10           16           6       
  {3,4,5,9,11}                   2   1.308    913          1331         6       
  {3,4,5,9,12}                   1   1.299    11           16           6       
  {3,4,5,9,12}                   2   1.299    977          1728         6       
  {3,4,5,9,13}                   1   1.292    15           25           6       
  {3,4,5,9,13}                   2   1.292    1136         3125         6       
  {3,4,5,9,14}                   1   1.285    15           25           6       
  {3,4,5,9,14}                   2   1.285    1136         2744         5       
  {3,4,5,9,15}                   1   1.28     11           16           7       
  {3,4,5,9,15}                   2   1.28     898          2187         6       
  {3,4,5,9,16}                   1   1.275    15           64           4       
  {3,4,5,9,16}                   2   1.275    1304         3125         5       
  {3,4,5,9,17}                   1   1.271    15           25           6       
  {3,4,5,9,17}                   2   1.271    898          2187         6       
  {3,4,5,9,18}                   1   1.267    15           25           6       
  {3,4,5,9,18}                   2   1.267    950          2187         6       
  {3,4,5,9,19}                   1   1.264    15           25           6       
  {3,4,5,9,19}                   2   1.264    905          2187         6       
  {3,4,5,9,20}                   1   1.261    15           64           4       
  {3,4,5,9,20}                   2   1.261    1233         3125         5       
  {3,4,5,10,11}                  1   1.294    6            16           6       
  {3,4,5,10,11}                  2   1.294    928          1331         6       
  {3,4,5,10,12}                  1   1.285    11           16           6       
  {3,4,5,10,12}                  2   1.285    880          1728         5       
  {3,4,5,10,13}                  1   1.278    11           16           6       
  {3,4,5,10,13}                  2   1.278    889          2187         5       
  {3,4,5,10,14}                  1   1.271    11           25           6       
  {3,4,5,10,14}                  2   1.271    916          2187         5       
  {3,4,5,10,15}                  1   1.266    11           16           7       
  {3,4,5,10,15}                  2   1.266    925          2187         5       
  {3,4,5,10,16}                  1   1.261    11           16           7       
  {3,4,5,10,16}                  2   1.261    1236         3125         5       
  {3,4,5,10,17}                  1   1.257    11           16           7       
  {3,4,5,10,17}                  2   1.257    1007         2187         5       
  {3,4,5,10,18}                  1   1.253    11           25           6       
  {3,4,5,10,18}                  2   1.253    1007         2187         5       
  {3,4,5,10,19}                  1   1.25     11           25           6       
  {3,4,5,10,19}                  2   1.25     1007         2187         6       
  {3,4,5,10,20}                  1   1.247    11           16           7       
  {3,4,5,10,20}                  2   1.247    1055         2187         6       
  {3,4,5,11,12}                  1   1.274    22           64           5       
  {3,4,5,11,12}                  2   1.274    664          1331         6       
  {3,4,5,11,13}                  1   1.267    10           16           7       
  {3,4,5,11,13}                  2   1.267    937          1331         6       
  {3,4,5,11,14}                  1   1.26     10           16           7       
  {3,4,5,11,14}                  2   1.26     824          1331         6       
  {3,4,5,11,15}                  1   1.255    10           16           7       
  {3,4,5,11,15}                  2   1.255    928          1331         6       
  {3,4,5,11,16}                  1   1.25     26           243          6       
  {3,4,5,11,16}                  2   1.25     824          1331         6       
  {3,4,5,11,17}                  1   1.246    10           16           7       
  {3,4,5,11,17}                  2   1.246    980          1331         6       
  {3,4,5,11,18}                  1   1.242    10           16           7       
  {3,4,5,11,18}                  2   1.242    828          1331         6       
  {3,4,5,11,19}                  1   1.239    10           16           7       
  {3,4,5,11,19}                  2   1.239    1189         3125         7       
  {3,4,5,11,20}                  1   1.236    26           64           6       
  {3,4,5,11,20}                  2   1.236    946          1331         6       
  {3,4,5,12,13}                  1   1.258    11           25           6       
  {3,4,5,12,13}                  2   1.258    977          3125         7       
  {3,4,5,12,14}                  1   1.251    11           16           7       
  {3,4,5,12,14}                  2   1.251    807          1728         6       
  {3,4,5,12,15}                  1   1.246    11           16           7       
  {3,4,5,12,15}                  2   1.246    977          3125         6       
  {3,4,5,12,16}                  1   1.241    22           64           5       
  {3,4,5,12,16}                  2   1.241    799          1728         6       
  {3,4,5,12,17}                  1   1.237    11           64           5       
  {3,4,5,12,17}                  2   1.237    880          1728         6       
  {3,4,5,12,18}                  1   1.233    11           16           7       
  {3,4,5,12,18}                  2   1.233    787          1728         6       
  {3,4,5,12,19}                  1   1.23     11           16           7       
  {3,4,5,12,19}                  2   1.23     905          1728         6       
  {3,4,5,12,20}                  1   1.227    22           64           6       
  {3,4,5,12,20}                  2   1.227    807          1728         6       
  {3,4,5,13,14}                  1   1.244    15           25           6       
  {3,4,5,13,14}                  2   1.244    1136         2744         7       
  {3,4,5,13,15}                  1   1.238    11           16           6       
  {3,4,5,13,15}                  2   1.238    977          3125         7       
  {3,4,5,13,16}                  1   1.233    15           16           7       
  {3,4,5,13,16}                  2   1.233    1233         3125         7       
  {3,4,5,13,17}                  1   1.229    15           25           6       
  {3,4,5,13,17}                  2   1.229    752          3125         7       
  {3,4,5,13,18}                  1   1.225    15           25           6       
  {3,4,5,13,18}                  2   1.225    876          3125         7       
  {3,4,5,13,19}                  1   1.222    15           16           7       
  {3,4,5,13,19}                  2   1.222    913          3125         7       
  {3,4,5,13,20}                  1   1.219    15           64           6       
  {3,4,5,13,20}                  2   1.219    1233         3125         7       
  {3,4,5,14,15}                  1   1.232    11           25           6       
  {3,4,5,14,15}                  2   1.232    842          2744         5       
  {3,4,5,14,16}                  1   1.227    15           16           6       
  {3,4,5,14,16}                  2   1.227    2416         15625        4       
  {3,4,5,14,17}                  1   1.223    15           16           6       
  {3,4,5,14,17}                  2   1.223    608          729          7       
  {3,4,5,14,18}                  1   1.219    15           25           6       
  {3,4,5,14,18}                  2   1.219    967          2744         5       
  {3,4,5,14,19}                  1   1.216    15           25           6       
  {3,4,5,14,19}                  2   1.216    1004         2744         5       
  {3,4,5,14,20}                  1   1.213    15           16           7       
  {3,4,5,14,20}                  2   1.213    825          2744         5       
  {3,4,5,15,16}                  1   1.221    26           64           7       
  {3,4,5,15,16}                  2   1.221    928          3125         5       
  {3,4,5,15,17}                  1   1.217    11           16           6       
  {3,4,5,15,17}                  2   1.217    1050         3125         5       
  {3,4,5,15,18}                  1   1.214    11           16           6       
  {3,4,5,15,18}                  2   1.214    852          3125         5       
  {3,4,5,15,19}                  1   1.21     11           25           7       
  {3,4,5,15,19}                  2   1.21     3067         6561         5       
  {3,4,5,15,20}                  1   1.207    26           64           6       
  {3,4,5,15,20}                  2   1.207    1189         3125         5       
  {3,4,5,16,17}                  1   1.213    15           64           7       
  {3,4,5,16,17}                  2   1.213    928          3125         5       
  {3,4,5,16,18}                  1   1.209    15           16           6       
  {3,4,5,16,18}                  2   1.209    2489         5832         5       
  {3,4,5,16,19}                  1   1.206    15           16           6       
  {3,4,5,16,19}                  2   1.206    1300         3125         5       
  {3,4,5,16,20}                  1   1.203    26           64           6       
  {3,4,5,16,20}                  2   1.203    3081         6561         5       
  {3,4,5,17,18}                  1   1.205    15           25           7       
  {3,4,5,17,18}                  2   1.205    1032         3125         5       
  {3,4,5,17,19}                  1   1.201    15           16           6       
  {3,4,5,17,19}                  2   1.201    1016         3125         5       
  {3,4,5,17,20}                  1   1.198    19           16           6       
  {3,4,5,17,20}                  2   1.198    1300         3125         5       
  {3,4,5,18,19}                  1   1.198    15           25           7       
  {3,4,5,18,19}                  2   1.198    1368         3125         5       
  {3,4,5,18,20}                  1   1.195    19           16           7       
  {3,4,5,18,20}                  2   1.195    1974         5832         6       
  {3,4,5,19,20}                  1   1.192    15           25           7       
  {3,4,5,19,20}                  2   1.192    1286         3125         6       
  {3,4,6,7,8}                    1   1.343    5            16           6       
  {3,4,6,7,8}                    2   1.343    574          1296         6       
  {3,4,6,7,9}                    1   1.325    8            16           7       
  {3,4,6,7,9}                    2   1.325    420          1296         7       
  {3,4,6,7,10}                   1   1.311    8            16           6       
  {3,4,6,7,10}                   2   1.311    1013         1296         6       
  {3,4,6,7,11}                   1   1.3      8            16           6       
  {3,4,6,7,11}                   2   1.3      541          1296         5       
  {3,4,6,7,12}                   1   1.291    8            16           6       
  {3,4,6,7,12}                   2   1.291    442          1296         6       
  {3,4,6,7,13}                   1   1.283    21           49           7       
  {3,4,6,7,13}                   2   1.283    478          1296         6       
  {3,4,6,7,14}                   1   1.277    8            16           6       
  {3,4,6,7,14}                   2   1.277    1029         2744         7       
  {3,4,6,7,15}                   1   1.271    8            16           6       
  {3,4,6,7,15}                   2   1.271    1272         3375         7       
  {3,4,6,7,16}                   1   1.267    24           49           7       
  {3,4,6,7,16}                   2   1.267    2062         4096         6       
  {3,4,6,7,17}                   1   1.263    8            16           6       
  {3,4,6,7,17}                   2   1.263    799          1296         7       
  {3,4,6,7,18}                   1   1.259    8            16           6       
  {3,4,6,7,18}                   2   1.259    834          1296         7       
  {3,4,6,7,19}                   1   1.256    24           49           6       
  {3,4,6,7,19}                   2   1.256    1399         4096         7       
  {3,4,6,7,20}                   1   1.253    21           49           6       
  {3,4,6,7,20}                   2   1.253    577          1296         7       
  {3,4,6,8,9}                    1   1.301    5            16           7       
  {3,4,6,8,9}                    2   1.301    1086         1296         7       
  {3,4,6,8,10}                   1   1.287    5            16           7       
  {3,4,6,8,10}                   2   1.287    1186         1296         7       
  {3,4,6,8,11}                   1   1.276    5            16           6       
  {3,4,6,8,11}                   2   1.276    743          1296         6       
  {3,4,6,8,12}                   1   1.267    5            16           6       
  {3,4,6,8,12}                   2   1.267    1086         4096         5       
  {3,4,6,8,13}                   1   1.26     5            16           6       
  {3,4,6,8,13}                   2   1.26     1019         1296         7       
  {3,4,6,8,14}                   1   1.253    5            16           6       
  {3,4,6,8,14}                   2   1.253    995          1296         7       
  {3,4,6,8,15}                   1   1.248    5            16           6       
  {3,4,6,8,15}                   2   1.248    1311         3375         5       
  {3,4,6,8,16}                   1   1.243    5            16           6       
  {3,4,6,8,16}                   2   1.243    6342         16384        7       
  {3,4,6,8,17}                   1   1.239    5            16           6       
  {3,4,6,8,17}                   2   1.239    1086         1296         7       
  {3,4,6,8,18}                   1   1.235    5            16           6       
  {3,4,6,8,18}                   2   1.235    1086         1296         7       
  {3,4,6,8,19}                   1   1.232    5            16           6       
  {3,4,6,8,19}                   2   1.232    1311         4096         5       
  {3,4,6,8,20}                   1   1.229    5            27           5       
  {3,4,6,8,20}                   2   1.229    1186         1296         7       
  {3,4,6,9,10}                   1   1.269    11           16           7       
  {3,4,6,9,10}                   2   1.269    1122         1296         7       
  {3,4,6,9,11}                   1   1.258    8            16           7       
  {3,4,6,9,11}                   2   1.258    1095         1296         7       
  {3,4,6,9,12}                   1   1.249    17           64           7       
  {3,4,6,9,12}                   2   1.249    2535         6561         6       
  {3,4,6,9,13}                   1   1.242    14           64           7       
  {3,4,6,9,13}                   2   1.242    1200         4096         6       
  {3,4,6,9,14}                   1   1.235    11           16           6       
  {3,4,6,9,14}                   2   1.235    1165         2744         6       
  {3,4,6,9,15}                   1   1.23     17           27           5       
  {3,4,6,9,15}                   2   1.23     1968         6561         5       
  {3,4,6,9,16}                   1   1.225    17           64           7       
  {3,4,6,9,16}                   2   1.225    6320         16384        7       
  {3,4,6,9,17}                   1   1.221    14           16           6       
  {3,4,6,9,17}                   2   1.221    1284         4096         5       
  {3,4,6,9,18}                   1   1.217    17           27           5       
  {3,4,6,9,18}                   2   1.217    1284         4096         5       
  {3,4,6,9,19}                   1   1.214    17           64           6       
  {3,4,6,9,19}                   2   1.214    1239         1296         7       
  {3,4,6,9,20}                   1   1.211    17           16           6       
  {3,4,6,9,20}                   2   1.211    2416         6561         6       
  {3,4,6,10,11}                  1   1.244    8            16           7       
  {3,4,6,10,11}                  2   1.244    1159         1296         7       
  {3,4,6,10,12}                  1   1.235    11           16           7       
  {3,4,6,10,12}                  2   1.235    1263         4096         7       
  {3,4,6,10,13}                  1   1.228    24           64           7       
  {3,4,6,10,13}                  2   1.228    1219         4096         6       
  {3,4,6,10,14}                  1   1.221    11           16           6       
  {3,4,6,10,14}                  2   1.221    1234         1296         7       
  {3,4,6,10,15}                  1   1.216    11           16           6       
  {3,4,6,10,15}                  2   1.216    1311         1296         7       
  {3,4,6,10,16}                  1   1.211    24           64           7       
  {3,4,6,10,16}                  2   1.211    1770         6561         5       
  {3,4,6,10,17}                  1   1.207    11           16           6       
  {3,4,6,10,17}                  2   1.207    1311         1296         7       
  {3,4,6,10,18}                  1   1.203    11           16           6       
  {3,4,6,10,18}                  2   1.203    1558         4096         6       
  {3,4,6,10,19}                  1   1.2      24           64           6       
  {3,4,6,10,19}                  2   1.2      1338         4096         6       
  {3,4,6,10,20}                  1   1.197    21           64           6       
  {3,4,6,10,20}                  2   1.197    1311         4096         6       
  {3,4,6,11,12}                  1   1.224    8            16           7       
  {3,4,6,11,12}                  2   1.224    1171         4096         7       
  {3,4,6,11,13}                  1   1.217    8            16           6       
  {3,4,6,11,13}                  2   1.217    1198         4096         6       
  {3,4,6,11,14}                  1   1.21     8            16           6       
  {3,4,6,11,14}                  2   1.21     1164         2744         7       
  {3,4,6,11,15}                  1   1.205    8            16           6       
  {3,4,6,11,15}                  2   1.205    1536         3375         7       
  {3,4,6,11,16}                  1   1.2      8            16           6       
  {3,4,6,11,16}                  2   1.2      1715         4096         6       
  {3,4,6,11,17}                  1   1.196    8            27           6       
  {3,4,6,11,17}                  2   1.196    1408         4096         7       
  {3,4,6,11,18}                  1   1.192    8            16           6       
  {3,4,6,11,18}                  2   1.192    1443         4096         7       
  {3,4,6,11,19}                  1   1.189    8            16           7       
  {3,4,6,11,19}                  2   1.189    1159         4096         7       
  {3,4,6,11,20}                  1   1.186    8            27           8       
  {3,4,6,11,20}                  2   1.186    1459         4096         7       
  {3,4,6,12,13}                  1   1.208    14           16           7       
  {3,4,6,12,13}                  2   1.208    1930         4096         7       
  {3,4,6,12,14}                  1   1.201    11           16           6       
  {3,4,6,12,14}                  2   1.201    1379         2744         7       
  {3,4,6,12,15}                  1   1.196    17           27           7       
  {3,4,6,12,15}                  2   1.196    2031         3375         7       
  {3,4,6,12,16}                  1   1.191    17           64           7       
  {3,4,6,12,16}                  2   1.191    2146         6561         6       
  {3,4,6,12,17}                  1   1.187    14           16           7       
  {3,4,6,12,17}                  2   1.187    1266         4096         7       
  {3,4,6,12,18}                  1   1.183    17           27           8       
  {3,4,6,12,18}                  2   1.183    2778         5832         6       
  {3,4,6,12,19}                  1   1.18     17           64           7       
  {3,4,6,12,19}                  2   1.18     1302         4096         7       
  {3,4,6,12,20}                  1   1.177    17           16           8       
  {3,4,6,12,20}                  2   1.177    1750         4096         7       
  {3,4,6,13,14}                  1   1.194    11           16           7       
  {3,4,6,13,14}                  2   1.194    2432         2744         7       
  {3,4,6,13,15}                  1   1.188    14           16           6       
  {3,4,6,13,15}                  2   1.188    2416         3375         7       
  {3,4,6,13,16}                  1   1.183    24           64           7       
  {3,4,6,13,16}                  2   1.183    2432         6561         6       
  {3,4,6,13,17}                  1   1.179    14           16           7       
  {3,4,6,13,17}                  2   1.179    1408         4096         6       
  {3,4,6,13,18}                  1   1.175    14           16           8       
  {3,4,6,13,18}                  2   1.175    1975         4096         6       
  {3,4,6,13,19}                  1   1.172    24           64           7       
  {3,4,6,13,19}                  2   1.172    1408         4096         6       
  {3,4,6,13,20}                  1   1.169    21           27           8       
  {3,4,6,13,20}                  2   1.169    1750         4096         7       
  {3,4,6,14,15}                  1   1.182    11           16           8       
  {3,4,6,14,15}                  2   1.182    2461         6561         7       
  {3,4,6,14,16}                  1   1.177    11           16           7       
  {3,4,6,14,16}                  2   1.177    4670         6561         7       
  {3,4,6,14,17}                  1   1.173    11           27           8       
  {3,4,6,14,17}                  2   1.173    1732         2744         7       
  {3,4,6,14,18}                  1   1.169    11           16           9       
  {3,4,6,14,18}                  2   1.169    1723         2744         7       
  {3,4,6,14,19}                  1   1.166    11           16           9       
  {3,4,6,14,19}                  2   1.166    1495         2744         7       
  {3,4,6,14,20}                  1   1.163    11           27           8       
  {3,4,6,14,20}                  2   1.163    1459         2744         7       
  {3,4,6,15,16}                  1   1.171    17           16           8       
  {3,4,6,15,16}                  2   1.171    3423         6561         9       
  {3,4,6,15,17}                  1   1.167    14           16           9       
  {3,4,6,15,17}                  2   1.167    3595         6561         8       
  {3,4,6,15,18}                  1   1.164    17           27           8       
  {3,4,6,15,18}                  2   1.164    2823         5832         7       
  {3,4,6,15,19}                  1   1.16     17           216          5       
  {3,4,6,15,19}                  2   1.16     2062         6561         6       
  {3,4,6,15,20}                  1   1.157    17           16           9       
  {3,4,6,15,20}                  2   1.157    2832         6561         6       
  {3,4,6,16,17}                  1   1.163    14           16           9       
  {3,4,6,16,17}                  2   1.163    5863         6561         8       
  {3,4,6,16,18}                  1   1.159    17           16           9       
  {3,4,6,16,18}                  2   1.159    6206         16384        7       
  {3,4,6,16,19}                  1   1.156    24           216          5       
  {3,4,6,16,19}                  2   1.156    6528         16384        6       
  {3,4,6,16,20}                  1   1.153    21           216          5       
  {3,4,6,16,20}                  2   1.153    6306         16384        6       
  {3,4,6,17,18}                  1   1.155    14           16           9       
  {3,4,6,17,18}                  2   1.155    1787         5832         7       
  {3,4,6,17,19}                  1   1.151    14           16           9       
  {3,4,6,17,19}                  2   1.151    1447         6561         7       
  {3,4,6,17,20}                  1   1.148    14           27           8       
  {3,4,6,17,20}                  2   1.148    2143         6561         7       
  {3,4,6,18,19}                  1   1.148    20           16           9       
  {3,4,6,18,19}                  2   1.148    1447         5832         6       
  {3,4,6,18,20}                  1   1.145    17           16           9       
  {3,4,6,18,20}                  2   1.145    6350         16384        6       
  {3,4,6,19,20}                  1   1.142    21           16           9       
  {3,4,6,19,20}                  2   1.142    6038         16384        7       
  {3,4,7,8,9}                    1   1.268    6            16           7       
  {3,4,7,8,9}                    2   1.268    951          2187         6       
  {3,4,7,8,10}                   1   1.254    6            16           7       
  {3,4,7,8,10}                   2   1.254    834          2187         5       
  {3,4,7,8,11}                   1   1.243    6            16           7       
  {3,4,7,8,11}                   2   1.243    1090         1331         6       
  {3,4,7,8,12}                   1   1.234    6            16           6       
  {3,4,7,8,12}                   2   1.234    1095         4096         7       
  {3,4,7,8,13}                   1   1.226    6            16           6       
  {3,4,7,8,13}                   2   1.226    1186         4096         6       
  {3,4,7,8,14}                   1   1.22     6            16           6       
  {3,4,7,8,14}                   2   1.22     930          2744         7       
  {3,4,7,8,15}                   1   1.214    6            16           6       
  {3,4,7,8,15}                   2   1.214    1095         3375         7       
  {3,4,7,8,16}                   1   1.21     6            16           6       
  {3,4,7,8,16}                   2   1.21     2642         16384        4       
  {3,4,7,8,17}                   1   1.205    6            16           6       
  {3,4,7,8,17}                   2   1.205    1159         4096         7       
  {3,4,7,8,18}                   1   1.202    6            16           6       
  {3,4,7,8,18}                   2   1.202    889          4096         7       
  {3,4,7,8,19}                   1   1.198    6            27           5       
  {3,4,7,8,19}                   2   1.198    1186         4096         7       
  {3,4,7,8,20}                   1   1.195    6            27           5       
  {3,4,7,8,20}                   2   1.195    1095         4096         7       
  {3,4,7,9,10}                   1   1.236    15           27           6       
  {3,4,7,9,10}                   2   1.236    1135         2187         6       
  {3,4,7,9,11}                   1   1.225    17           49           5       
  {3,4,7,9,11}                   2   1.225    1616         4096         7       
  {3,4,7,9,12}                   1   1.216    17           49           5       
  {3,4,7,9,12}                   2   1.216    1279         4096         7       
  {3,4,7,9,13}                   1   1.208    15           27           6       
  {3,4,7,9,13}                   2   1.208    2312         4096         7       
  {3,4,7,9,14}                   1   1.202    15           49           5       
  {3,4,7,9,14}                   2   1.202    2607         2744         7       
  {3,4,7,9,15}                   1   1.196    17           27           5       
  {3,4,7,9,15}                   2   1.196    1279         3375         7       
  {3,4,7,9,16}                   1   1.192    33           81           6       
  {3,4,7,9,16}                   2   1.192    6900         59049        5       
  {3,4,7,9,17}                   1   1.188    15           16           6       
  {3,4,7,9,17}                   2   1.188    3439         6561         5       
  {3,4,7,9,18}                   1   1.184    51           81           6       
  {3,4,7,9,18}                   2   1.184    3779         16384        6       
  {3,4,7,9,19}                   1   1.181    24           81           8       
  {3,4,7,9,19}                   2   1.181    3484         16384        6       
  {3,4,7,9,20}                   1   1.178    17           27           7       
  {3,4,7,9,20}                   2   1.178    3763         16384        6       
  {3,4,7,10,11}                  1   1.211    8            16           7       
  {3,4,7,10,11}                  2   1.211    1168         1331         6       
  {3,4,7,10,12}                  1   1.202    18           49           5       
  {3,4,7,10,12}                  2   1.202    1785         4096         7       
  {3,4,7,10,13}                  1   1.194    18           49           5       
  {3,4,7,10,13}                  2   1.194    1035         4096         7       
  {3,4,7,10,14}                  1   1.188    15           16           7       
  {3,4,7,10,14}                  2   1.188    3271         6561         6       
  {3,4,7,10,15}                  1   1.183    8            16           6       
  {3,4,7,10,15}                  2   1.183    1095         3375         7       
  {3,4,7,10,16}                  1   1.178    18           49           7       
  {3,4,7,10,16}                  2   1.178    1897         4096         7       
  {3,4,7,10,17}                  1   1.174    18           27           7       
  {3,4,7,10,17}                  2   1.174    1187         4096         7       
  {3,4,7,10,18}                  1   1.17     15           16           6       
  {3,4,7,10,18}                  2   1.17     1965         4096         7       
  {3,4,7,10,19}                  1   1.167    18           49           6       
  {3,4,7,10,19}                  2   1.167    1390         4096         7       
  {3,4,7,10,20}                  1   1.164    18           27           7       
  {3,4,7,10,20}                  2   1.164    1298         4096         7       
  {3,4,7,11,12}                  1   1.191    17           27           6       
  {3,4,7,11,12}                  2   1.191    1442         4096         7       
  {3,4,7,11,13}                  1   1.183    8            16           7       
  {3,4,7,11,13}                  2   1.183    1346         4096         7       
  {3,4,7,11,14}                  1   1.177    8            16           7       
  {3,4,7,11,14}                  2   1.177    1165         2744         7       
  {3,4,7,11,15}                  1   1.171    17           27           8       
  {3,4,7,11,15}                  2   1.171    1520         3375         7       
  {3,4,7,11,16}                  1   1.167    33           81           7       
  {3,4,7,11,16}                  2   1.167    2026         4096         7       
  {3,4,7,11,17}                  1   1.163    8            16           7       
  {3,4,7,11,17}                  2   1.163    1584         4096         7       
  {3,4,7,11,18}                  1   1.159    17           27           7       
  {3,4,7,11,18}                  2   1.159    1297         4096         7       
  {3,4,7,11,19}                  1   1.156    17           16           8       
  {3,4,7,11,19}                  2   1.156    1872         4096         7       
  {3,4,7,11,20}                  1   1.153    17           27           7       
  {3,4,7,11,20}                  2   1.153    1721         4096         7       
  {3,4,7,12,13}                  1   1.174    18           27           7       
  {3,4,7,12,13}                  2   1.174    1968         16384        5       
  {3,4,7,12,14}                  1   1.168    8            16           7       
  {3,4,7,12,14}                  2   1.168    1981         16384        5       
  {3,4,7,12,15}                  1   1.162    33           81           7       
  {3,4,7,12,15}                  2   1.162    2024         3375         7       
  {3,4,7,12,16}                  1   1.158    33           81           7       
  {3,4,7,12,16}                  2   1.158    2402         4096         7       
  {3,4,7,12,17}                  1   1.153    18           49           7       
  {3,4,7,12,17}                  2   1.153    2024         4096         7       
  {3,4,7,12,18}                  1   1.15     17           16           8       
  {3,4,7,12,18}                  2   1.15     1009         4096         7       
  {3,4,7,12,19}                  1   1.146    18           27           7       
  {3,4,7,12,19}                  2   1.146    2402         4096         7       
  {3,4,7,12,20}                  1   1.144    18           16           8       
  {3,4,7,12,20}                  2   1.144    2146         4096         7       
  {3,4,7,13,14}                  1   1.16     15           16           8       
  {3,4,7,13,14}                  2   1.16     2340         16384        5       
  {3,4,7,13,15}                  1   1.155    21           49           7       
  {3,4,7,13,15}                  2   1.155    2423         3375         7       
  {3,4,7,13,16}                  1   1.15     21           49           8       
  {3,4,7,13,16}                  2   1.15     4240         59049        6       
  {3,4,7,13,17}                  1   1.146    18           16           9       
  {3,4,7,13,17}                  2   1.146    2487         4096         7       
  {3,4,7,13,18}                  1   1.142    15           16           8       
  {3,4,7,13,18}                  2   1.142    2454         4096         7       
  {3,4,7,13,19}                  1   1.139    21           49           8       
  {3,4,7,13,19}                  2   1.139    2171         4096         7       
  {3,4,7,13,20}                  1   1.136    21           27           8       
  {3,4,7,13,20}                  2   1.136    2210         4096         7       
  {3,4,7,14,15}                  1   1.148    8            16           9       
  {3,4,7,14,15}                  2   1.148    2423         2744         7       
  {3,4,7,14,16}                  1   1.144    22           49           8       
  {3,4,7,14,16}                  2   1.144    2683         16384        5       
  {3,4,7,14,17}                  1   1.139    22           49           8       
  {3,4,7,14,17}                  2   1.139    2683         16384        6       
  {3,4,7,14,18}                  1   1.136    15           16           9       
  {3,4,7,14,18}                  2   1.136    614          2744         8       
  {3,4,7,14,19}                  1   1.132    15           16           9       
  {3,4,7,14,19}                  2   1.132    3189         6561         7       
  {3,4,7,14,20}                  1   1.13     22           27           9       
  {3,4,7,14,20}                  2   1.13     2237         2744         8       
  {3,4,7,15,16}                  1   1.138    33           729          7       
  {3,4,7,15,16}                  2   1.138    3443         16384        7       
  {3,4,7,15,17}                  1   1.134    8            16           9       
  {3,4,7,15,17}                  2   1.134    2499         16384        6       
  {3,4,7,15,18}                  1   1.13     17           16           10      
  {3,4,7,15,18}                  2   1.13     2605         5832         8       
  {3,4,7,15,19}                  1   1.127    21           27           9       
  {3,4,7,15,19}                  2   1.127    3209         6561         8       
  {3,4,7,15,20}                  1   1.124    21           49           8       
  {3,4,7,15,20}                  2   1.124    2948         6561         8       
  {3,4,7,16,17}                  1   1.129    22           49           8       
  {3,4,7,16,17}                  2   1.129    5915         59049        5       
  {3,4,7,16,18}                  1   1.125    33           324          8       
  {3,4,7,16,18}                  2   1.125    5678         16384        6       
  {3,4,7,16,19}                  1   1.122    24           49           8       
  {3,4,7,16,19}                  2   1.122    3740         6561         8       
  {3,4,7,16,20}                  1   1.119    22           49           8       
  {3,4,7,16,20}                  2   1.119    3682         6561         8       
  {3,4,7,17,18}                  1   1.121    15           16           10      
  {3,4,7,17,18}                  2   1.121    3193         5832         8       
  {3,4,7,17,19}                  1   1.118    18           49           8       
  {3,4,7,17,19}                  2   1.118    3282         6561         8       
  {3,4,7,17,20}                  1   1.115    22           49           8       
  {3,4,7,17,20}                  2   1.115    2683         6561         8       
  {3,4,7,18,19}                  1   1.114    24           27           9       
  {3,4,7,18,19}                  2   1.114    2966         5832         6       
  {3,4,7,18,20}                  1   1.111    17           27           9       
  {3,4,7,18,20}                  2   1.111    2605         5832         6       
  {3,4,7,19,20}                  1   1.108    21           49           8       
  {3,4,7,19,20}                  2   1.108    3042         16384        8       
  {3,4,8,9,10}                   1   1.212    6            64           5       
  {3,4,8,9,10}                   2   1.212    1123         2187         6       
  {3,4,8,9,11}                   1   1.201    10           64           5       
  {3,4,8,9,11}                   2   1.201    2282         6561         6       
  {3,4,8,9,12}                   1   1.192    78           243          6       
  {3,4,8,9,12}                   2   1.192    4019         16384        7       
  {3,4,8,9,13}                   1   1.185    14           81           8       
  {3,4,8,9,13}                   2   1.185    2940         6561         6       
  {3,4,8,9,14}                   1   1.178    10           64           4       
  {3,4,8,9,14}                   2   1.178    2894         6561         8       
  {3,4,8,9,15}                   1   1.173    14           81           8       
  {3,4,8,9,15}                   2   1.173    7061         16384        7       
  {3,4,8,9,16}                   1   1.168    78           512          5       
  {3,4,8,9,16}                   2   1.168    13091        32768        6       
  {3,4,8,9,17}                   1   1.164    14           64           4       
  {3,4,8,9,17}                   2   1.164    5216         6561         8       
  {3,4,8,9,18}                   1   1.16     14           64           4       
  {3,4,8,9,18}                   2   1.16     7314         16384        7       
  {3,4,8,9,19}                   1   1.157    14           64           4       
  {3,4,8,9,19}                   2   1.157    7091         16384        6       
  {3,4,8,9,20}                   1   1.154    14           64           5       
  {3,4,8,9,20}                   2   1.154    7603         16384        6       
  {3,4,8,10,11}                  1   1.187    6            64           5       
  {3,4,8,10,11}                  2   1.187    1071         1331         7       
  {3,4,8,10,12}                  1   1.178    6            64           5       
  {3,4,8,10,12}                  2   1.178    1698         4096         7       
  {3,4,8,10,13}                  1   1.171    6            64           5       
  {3,4,8,10,13}                  2   1.171    1187         4096         6       
  {3,4,8,10,14}                  1   1.164    6            64           5       
  {3,4,8,10,14}                  2   1.164    1251         2744         7       
  {3,4,8,10,15}                  1   1.159    6            64           4       
  {3,4,8,10,15}                  2   1.159    3282         6561         8       
  {3,4,8,10,16}                  1   1.154    6            64           4       
  {3,4,8,10,16}                  2   1.154    7123         16384        7       
  {3,4,8,10,17}                  1   1.15     6            64           4       
  {3,4,8,10,17}                  2   1.15     1339         6561         8       
  {3,4,8,10,18}                  1   1.146    6            64           5       
  {3,4,8,10,18}                  2   1.146    1354         5832         7       
  {3,4,8,10,19}                  1   1.143    6            64           6       
  {3,4,8,10,19}                  2   1.143    1339         6561         6       
  {3,4,8,10,20}                  1   1.14     6            64           6       
  {3,4,8,10,20}                  2   1.14     1698         6561         7       
  {3,4,8,11,12}                  1   1.167    10           64           5       
  {3,4,8,11,12}                  2   1.167    3074         14641        5       
  {3,4,8,11,13}                  1   1.16     10           64           5       
  {3,4,8,11,13}                  2   1.16     1167         4096         7       
  {3,4,8,11,14}                  1   1.153    10           64           5       
  {3,4,8,11,14}                  2   1.153    2195         14641        6       
  {3,4,8,11,15}                  1   1.148    10           64           5       
  {3,4,8,11,15}                  2   1.148    2754         14641        7       
  {3,4,8,11,16}                  1   1.143    10           64           5       
  {3,4,8,11,16}                  2   1.143    13519        32768        8       
  {3,4,8,11,17}                  1   1.139    10           64           6       
  {3,4,8,11,17}                  2   1.139    4135         14641        7       
  {3,4,8,11,18}                  1   1.135    10           64           6       
  {3,4,8,11,18}                  2   1.135    4058         14641        6       
  {3,4,8,11,19}                  1   1.132    10           64           6       
  {3,4,8,11,19}                  2   1.132    2562         6561         8       
  {3,4,8,11,20}                  1   1.129    10           64           6       
  {3,4,8,11,20}                  2   1.129    4438         14641        6       
  {3,4,8,12,13}                  1   1.15     82           169          7       
  {3,4,8,12,13}                  2   1.15     2875         16384        5       
  {3,4,8,12,14}                  1   1.144    10           64           6       
  {3,4,8,12,14}                  2   1.144    3074         16384        5       
  {3,4,8,12,15}                  1   1.139    14           64           7       
  {3,4,8,12,15}                  2   1.139    3299         16384        7       
  {3,4,8,12,16}                  1   1.134    69           243          6       
  {3,4,8,12,16}                  2   1.134    8393         20736        9       
  {3,4,8,12,17}                  1   1.13     86           243          6       
  {3,4,8,12,17}                  2   1.13     4155         16384        6       
  {3,4,8,12,18}                  1   1.126    14           64           6       
  {3,4,8,12,18}                  2   1.126    6874         20736        9       
  {3,4,8,12,19}                  1   1.123    18           81           8       
  {3,4,8,12,19}                  2   1.123    4155         16384        6       
  {3,4,8,12,20}                  1   1.12     26           81           8       
  {3,4,8,12,20}                  2   1.12     6118         16384        6       
  {3,4,8,13,14}                  1   1.136    10           64           7       
  {3,4,8,13,14}                  2   1.136    2683         16384        6       
  {3,4,8,13,15}                  1   1.131    14           64           7       
  {3,4,8,13,15}                  2   1.131    3084         16384        7       
  {3,4,8,13,16}                  1   1.126    82           512          8       
  {3,4,8,13,16}                  2   1.126    7275         28561        8       
  {3,4,8,13,17}                  1   1.122    18           169          7       
  {3,4,8,13,17}                  2   1.122    3084         16384        7       
  {3,4,8,13,18}                  1   1.118    14           64           7       
  {3,4,8,13,18}                  2   1.118    2811         5832         8       
  {3,4,8,13,19}                  1   1.115    18           169          7       
  {3,4,8,13,19}                  2   1.115    4271         16384        6       
  {3,4,8,13,20}                  1   1.112    82           400          8       
  {3,4,8,13,20}                  2   1.112    3084         6561         8       
  {3,4,8,14,15}                  1   1.125    10           64           7       
  {3,4,8,14,15}                  2   1.125    3438         16384        7       
  {3,4,8,14,16}                  1   1.12     10           64           7       
  {3,4,8,14,16}                  2   1.12     18434        59049        8       
  {3,4,8,14,17}                  1   1.116    10           64           7       
  {3,4,8,14,17}                  2   1.116    3493         16384        7       
  {3,4,8,14,18}                  1   1.112    10           64           7       
  {3,4,8,14,18}                  2   1.112    6402         32768        8       
  {3,4,8,14,19}                  1   1.109    10           64           7       
  {3,4,8,14,19}                  2   1.109    5334         16384        6       
  {3,4,8,14,20}                  1   1.106    10           64           7       
  {3,4,8,14,20}                  2   1.106    6610         16384        6       
  {3,4,8,15,16}                  1   1.114    14           64           7       
  {3,4,8,15,16}                  2   1.114    19387        50625        7       
  {3,4,8,15,17}                  1   1.11     14           64           7       
  {3,4,8,15,17}                  2   1.11     4614         16384        7       
  {3,4,8,15,18}                  1   1.106    14           64           7       
  {3,4,8,15,18}                  2   1.106    3822         16384        7       
  {3,4,8,15,19}                  1   1.103    14           64           7       
  {3,4,8,15,19}                  2   1.103    7099         16384        7       
  {3,4,8,15,20}                  1   1.1      14           64           7       
  {3,4,8,15,20}                  2   1.1      4870         16384        6       
  {3,4,8,16,17}                  1   1.105    231          512          9       
  {3,4,8,16,17}                  2   1.105    11524        32768        8       
  {3,4,8,16,18}                  1   1.102    14           64           7       
  {3,4,8,16,18}                  2   1.102    12489        32768        8       
  {3,4,8,16,19}                  1   1.098    18           64           7       
  {3,4,8,16,19}                  2   1.098    19287        59049        7       
  {3,4,8,16,20}                  1   1.095    26           243          6       
  {3,4,8,16,20}                  2   1.095    18639        59049        7       
  {3,4,8,17,18}                  1   1.098    14           64           7       
  {3,4,8,17,18}                  2   1.098    5179         16384        7       
  {3,4,8,17,19}                  1   1.094    18           64           7       
  {3,4,8,17,19}                  2   1.094    5296         6561         9       
  {3,4,8,17,20}                  1   1.091    231          400          9       
  {3,4,8,17,20}                  2   1.091    5462         16384        8       
  {3,4,8,18,19}                  1   1.091    14           64           7       
  {3,4,8,18,19}                  2   1.091    7198         16384        8       
  {3,4,8,18,20}                  1   1.088    14           64           8       
  {3,4,8,18,20}                  2   1.088    7143         16384        8       
  {3,4,8,19,20}                  1   1.084    18           64           8       
  {3,4,8,19,20}                  2   1.084    7369         16384        8       
  {3,4,9,10,11}                  1   1.169    8            64           5       
  {3,4,9,10,11}                  2   1.169    1864         4096         7       
  {3,4,9,10,12}                  1   1.16     11           64           5       
  {3,4,9,10,12}                  2   1.16     1806         4096         7       
  {3,4,9,10,13}                  1   1.153    24           81           6       
  {3,4,9,10,13}                  2   1.153    2020         4096         7       
  {3,4,9,10,14}                  1   1.146    15           81           6       
  {3,4,9,10,14}                  2   1.146    2044         6561         6       
  {3,4,9,10,15}                  1   1.141    11           64           6       
  {3,4,9,10,15}                  2   1.141    1284         3375         7       
  {3,4,9,10,16}                  1   1.136    79           243          7       
  {3,4,9,10,16}                  2   1.136    6676         59049        5       
  {3,4,9,10,17}                  1   1.132    15           64           6       
  {3,4,9,10,17}                  2   1.132    4255         6561         8       
  {3,4,9,10,18}                  1   1.128    72           243          7       
  {3,4,9,10,18}                  2   1.128    2059         5832         6       
  {3,4,9,10,19}                  1   1.125    24           81           6       
  {3,4,9,10,19}                  2   1.125    7486         59049        5       
  {3,4,9,10,20}                  1   1.122    15           64           6       
  {3,4,9,10,20}                  2   1.122    5607         59049        4       
  {3,4,9,11,12}                  1   1.149    74           243          8       
  {3,4,9,11,12}                  2   1.149    2426         6561         6       
  {3,4,9,11,13}                  1   1.142    10           64           5       
  {3,4,9,11,13}                  2   1.142    2412         4096         7       
  {3,4,9,11,14}                  1   1.135    10           64           7       
  {3,4,9,11,14}                  2   1.135    2412         6561         6       
  {3,4,9,11,15}                  1   1.13     17           81           6       
  {3,4,9,11,15}                  2   1.13     1661         3375         7       
  {3,4,9,11,16}                  1   1.125    69           243          7       
  {3,4,9,11,16}                  2   1.125    13047        161051       7       
  {3,4,9,11,17}                  1   1.121    10           64           7       
  {3,4,9,11,17}                  2   1.121    4945         14641        7       
  {3,4,9,11,18}                  1   1.117    62           243          7       
  {3,4,9,11,18}                  2   1.117    6635         14641        7       
  {3,4,9,11,19}                  1   1.114    17           243          7       
  {3,4,9,11,19}                  2   1.114    7507         14641        7       
  {3,4,9,11,20}                  1   1.111    26           81           8       
  {3,4,9,11,20}                  2   1.111    6778         14641        8       
  {3,4,9,12,13}                  1   1.133    14           64           7       
  {3,4,9,12,13}                  2   1.133    2659         4096         7       
  {3,4,9,12,14}                  1   1.126    11           64           7       
  {3,4,9,12,14}                  2   1.126    2812         6561         8       
  {3,4,9,12,15}                  1   1.121    78           225          7       
  {3,4,9,12,15}                  2   1.121    6682         50625        7       
  {3,4,9,12,16}                  1   1.116    70           243          7       
  {3,4,9,12,16}                  2   1.116    16404        177147       7       
  {3,4,9,12,17}                  1   1.112    14           64           7       
  {3,4,9,12,17}                  2   1.112    4308         6561         9       
  {3,4,9,12,18}                  1   1.108    72           243          7       
  {3,4,9,12,18}                  2   1.108    2931         5832         6       
  {3,4,9,12,19}                  1   1.105    17           64           7       
  {3,4,9,12,19}                  2   1.105    7603         16384        7       
  {3,4,9,12,20}                  1   1.102    74           243          8       
  {3,4,9,12,20}                  2   1.102    7740         16384        7       
  {3,4,9,13,14}                  1   1.119    24           81           6       
  {3,4,9,13,14}                  2   1.119    2791         6561         9       
  {3,4,9,13,15}                  1   1.113    14           64           7       
  {3,4,9,13,15}                  2   1.113    3217         6561         9       
  {3,4,9,13,16}                  1   1.108    24           81           8       
  {3,4,9,13,16}                  2   1.108    15428        59049        6       
  {3,4,9,13,17}                  1   1.104    15           64           7       
  {3,4,9,13,17}                  2   1.104    5844         16384        7       
  {3,4,9,13,18}                  1   1.1      75           169          7       
  {3,4,9,13,18}                  2   1.1      16403        59049        6       
  {3,4,9,13,19}                  1   1.097    24           81           8       
  {3,4,9,13,19}                  2   1.097    6506         16384        7       
  {3,4,9,13,20}                  1   1.094    15           64           7       
  {3,4,9,13,20}                  2   1.094    6531         16384        8       
  {3,4,9,14,15}                  1   1.107    11           64           7       
  {3,4,9,14,15}                  2   1.107    3550         6561         9       
  {3,4,9,14,16}                  1   1.102    74           729          7       
  {3,4,9,14,16}                  2   1.102    8056         38416        7       
  {3,4,9,14,17}                  1   1.098    15           64           7       
  {3,4,9,14,17}                  2   1.098    5061         6561         9       
  {3,4,9,14,18}                  1   1.094    24           81           8       
  {3,4,9,14,18}                  2   1.094    5331         16384        7       
  {3,4,9,14,19}                  1   1.091    24           81           8       
  {3,4,9,14,19}                  2   1.091    6703         16384        8       
  {3,4,9,14,20}                  1   1.088    15           64           7       
  {3,4,9,14,20}                  2   1.088    7062         16384        8       
  {3,4,9,15,16}                  1   1.096    26           81           8       
  {3,4,9,15,16}                  2   1.096    8021         50625        5       
  {3,4,9,15,17}                  1   1.092    14           64           7       
  {3,4,9,15,17}                  2   1.092    5377         6561         9       
  {3,4,9,15,18}                  1   1.089    75           729          9       
  {3,4,9,15,18}                  2   1.089    5842         16384        8       
  {3,4,9,15,19}                  1   1.085    17           64           7       
  {3,4,9,15,19}                  2   1.085    7116         16384        8       
  {3,4,9,15,20}                  1   1.082    26           81           9       
  {3,4,9,15,20}                  2   1.082    7845         16384        8       
  {3,4,9,16,17}                  1   1.088    15           64           7       
  {3,4,9,16,17}                  2   1.088    73029        177147       8       
  {3,4,9,16,18}                  1   1.084    78           729          9       
  {3,4,9,16,18}                  2   1.084    73955        177147       8       
  {3,4,9,16,19}                  1   1.081    79           729          9       
  {3,4,9,16,19}                  2   1.081    73191        130321       8       
  {3,4,9,16,20}                  1   1.078    78           400          10      
  {3,4,9,16,20}                  2   1.078    70590        160000       8       
  {3,4,9,17,18}                  1   1.08     15           64           7       
  {3,4,9,17,18}                  2   1.08     65535        83521        10      
  {3,4,9,17,19}                  1   1.076    15           64           7       
  {3,4,9,17,19}                  2   1.076    7155         83521        9       
  {3,4,9,17,20}                  1   1.073    15           64           7       
  {3,4,9,17,20}                  2   1.073    5842         59049        6       
  {3,4,9,18,19}                  1   1.073    72           324          11      
  {3,4,9,18,19}                  2   1.073    63088        104976       9       
  {3,4,9,18,20}                  1   1.07     62           324          10      
  {3,4,9,18,20}                  2   1.07     60795        104976       9       
  {3,4,9,19,20}                  1   1.067    17           64           9       
  {3,4,9,19,20}                  2   1.067    8179         130321       8       
  {3,4,10,11,12}                 1   1.135    8            64           6       
  {3,4,10,11,12}                 2   1.135    1887         4096         7       
  {3,4,10,11,13}                 1   1.128    8            64           7       
  {3,4,10,11,13}                 2   1.128    1952         4096         7       
  {3,4,10,11,14}                 1   1.121    8            64           7       
  {3,4,10,11,14}                 2   1.121    2164         2744         8       
  {3,4,10,11,15}                 1   1.116    8            64           7       
  {3,4,10,11,15}                 2   1.116    1968         3375         7       
  {3,4,10,11,16}                 1   1.111    8            64           7       
  {3,4,10,11,16}                 2   1.111    2156         6561         8       
  {3,4,10,11,17}                 1   1.107    8            64           7       
  {3,4,10,11,17}                 2   1.107    1900         6561         8       
  {3,4,10,11,18}                 1   1.103    8            64           7       
  {3,4,10,11,18}                 2   1.103    2016         5832         6       
  {3,4,10,11,19}                 1   1.1      8            64           7       
  {3,4,10,11,19}                 2   1.1      2329         6561         6       
  {3,4,10,11,20}                 1   1.097    8            64           7       
  {3,4,10,11,20}                 2   1.097    2143         6561         6       
  {3,4,10,12,13}                 1   1.119    18           81           6       
  {3,4,10,12,13}                 2   1.119    2056         4096         7       
  {3,4,10,12,14}                 1   1.112    11           64           7       
  {3,4,10,12,14}                 2   1.112    2598         6561         8       
  {3,4,10,12,15}                 1   1.107    11           64           7       
  {3,4,10,12,15}                 2   1.107    2823         6561         8       
  {3,4,10,12,16}                 1   1.102    18           81           7       
  {3,4,10,12,16}                 2   1.102    6215         16384        7       
  {3,4,10,12,17}                 1   1.098    18           81           7       
  {3,4,10,12,17}                 2   1.098    2119         6561         9       
  {3,4,10,12,18}                 1   1.094    11           64           7       
  {3,4,10,12,18}                 2   1.094    5118         16384        8       
  {3,4,10,12,19}                 1   1.091    82           243          8       
  {3,4,10,12,19}                 2   1.091    2851         16384        8       
  {3,4,10,12,20}                 1   1.088    18           64           7       
  {3,4,10,12,20}                 2   1.088    2402         6561         7       
  {3,4,10,13,14}                 1   1.105    15           64           7       
  {3,4,10,13,14}                 2   1.105    3144         6561         8       
  {3,4,10,13,15}                 1   1.099    21           81           7       
  {3,4,10,13,15}                 2   1.099    3164         6561         8       
  {3,4,10,13,16}                 1   1.094    24           81           7       
  {3,4,10,13,16}                 2   1.094    6231         16384        8       
  {3,4,10,13,17}                 1   1.09     18           81           7       
  {3,4,10,13,17}                 2   1.09     2824         6561         9       
  {3,4,10,13,18}                 1   1.087    24           81           9       
  {3,4,10,13,18}                 2   1.087    3235         5832         8       
  {3,4,10,13,19}                 1   1.083    24           81           9       
  {3,4,10,13,19}                 2   1.083    2291         6561         8       
  {3,4,10,13,20}                 1   1.08     21           81           9       
  {3,4,10,13,20}                 2   1.08     4251         16384        8       
  {3,4,10,14,15}                 1   1.093    11           64           7       
  {3,4,10,14,15}                 2   1.093    3162         6561         9       
  {3,4,10,14,16}                 1   1.088    15           64           7       
  {3,4,10,14,16}                 2   1.088    6078         16384        8       
  {3,4,10,14,17}                 1   1.084    15           64           7       
  {3,4,10,14,17}                 2   1.084    3234         6561         9       
  {3,4,10,14,18}                 1   1.08     15           64           7       
  {3,4,10,14,18}                 2   1.08     2922         5832         8       
  {3,4,10,14,19}                 1   1.077    15           64           7       
  {3,4,10,14,19}                 2   1.077    5059         16384        9       
  {3,4,10,14,20}                 1   1.074    15           64           7       
  {3,4,10,14,20}                 2   1.074    5902         16384        9       
  {3,4,10,15,16}                 1   1.083    21           81           9       
  {3,4,10,15,16}                 2   1.083    5359         16384        8       
  {3,4,10,15,17}                 1   1.078    11           64           7       
  {3,4,10,15,17}                 2   1.078    5191         6561         9       
  {3,4,10,15,18}                 1   1.075    11           64           7       
  {3,4,10,15,18}                 2   1.075    4309         16384        9       
  {3,4,10,15,19}                 1   1.071    21           81           9       
  {3,4,10,15,19}                 2   1.071    4370         16384        9       
  {3,4,10,15,20}                 1   1.069    21           81           9       
  {3,4,10,15,20}                 2   1.069    4414         16384        9       
  {3,4,10,16,17}                 1   1.074    18           64           7       
  {3,4,10,16,17}                 2   1.074    8075         83521        10      
  {3,4,10,16,18}                 1   1.07     79           729          9       
  {3,4,10,16,18}                 2   1.07     7790         100000       10      
  {3,4,10,16,19}                 1   1.067    24           81           9       
  {3,4,10,16,19}                 2   1.067    7042         59049        6       
  {3,4,10,16,20}                 1   1.064    21           81           9       
  {3,4,10,16,20}                 2   1.064    7351         59049        6       
  {3,4,10,17,18}                 1   1.066    15           64           7       
  {3,4,10,17,18}                 2   1.066    5087         59049        6       
  {3,4,10,17,19}                 1   1.062    18           64           8       
  {3,4,10,17,19}                 2   1.062    5315         59049        6       
  {3,4,10,17,20}                 1   1.06     18           64           8       
  {3,4,10,17,20}                 2   1.06     6279         59049        7       
  {3,4,10,18,19}                 1   1.059    24           81           9       
  {3,4,10,18,19}                 2   1.059    7486         59049        7       
  {3,4,10,18,20}                 1   1.056    15           64           8       
  {3,4,10,18,20}                 2   1.056    7174         59049        7       
  {3,4,10,19,20}                 1   1.053    21           64           8       
  {3,4,10,19,20}                 2   1.053    6795         59049        7       
  {3,4,11,12,13}                 1   1.108    10           64           7       
  {3,4,11,12,13}                 2   1.108    2161         4096         7       
  {3,4,11,12,14}                 1   1.101    86           196          9       
  {3,4,11,12,14}                 2   1.101    2895         14641        7       
  {3,4,11,12,15}                 1   1.096    17           81           7       
  {3,4,11,12,15}                 2   1.096    2643         14641        7       
  {3,4,11,12,16}                 1   1.091    65           243          8       
  {3,4,11,12,16}                 2   1.091    3074         14641        7       
  {3,4,11,12,17}                 1   1.087    22           81           7       
  {3,4,11,12,17}                 2   1.087    3052         14641        7       
  {3,4,11,12,18}                 1   1.083    17           64           7       
  {3,4,11,12,18}                 2   1.083    3142         5832         8       
  {3,4,11,12,19}                 1   1.08     17           64           7       
  {3,4,11,12,19}                 2   1.08     2763         6561         8       
  {3,4,11,12,20}                 1   1.077    22           81           8       
  {3,4,11,12,20}                 2   1.077    3052         14641        8       
  {3,4,11,13,14}                 1   1.094    62           169          7       
  {3,4,11,13,14}                 2   1.094    2412         14641        7       
  {3,4,11,13,15}                 1   1.088    21           81           7       
  {3,4,11,13,15}                 2   1.088    3124         14641        7       
  {3,4,11,13,16}                 1   1.083    21           81           8       
  {3,4,11,13,16}                 2   1.083    4166         14641        7       
  {3,4,11,13,17}                 1   1.079    10           64           7       
  {3,4,11,13,17}                 2   1.079    3395         14641        7       
  {3,4,11,13,18}                 1   1.075    10           64           7       
  {3,4,11,13,18}                 2   1.075    4315         14641        7       
  {3,4,11,13,19}                 1   1.072    21           81           8       
  {3,4,11,13,19}                 2   1.072    3152         6561         8       
  {3,4,11,13,20}                 1   1.069    21           81           8       
  {3,4,11,13,20}                 2   1.069    3124         6561         8       
  {3,4,11,14,15}                 1   1.082    10           64           7       
  {3,4,11,14,15}                 2   1.082    2643         14641        7       
  {3,4,11,14,16}                 1   1.077    22           81           8       
  {3,4,11,14,16}                 2   1.077    6466         38416        7       
  {3,4,11,14,17}                 1   1.073    22           81           8       
  {3,4,11,14,17}                 2   1.073    2754         14641        7       
  {3,4,11,14,18}                 1   1.069    10           64           7       
  {3,4,11,14,18}                 2   1.069    3362         5832         9       
  {3,4,11,14,19}                 1   1.066    10           64           7       
  {3,4,11,14,19}                 2   1.066    3872         14641        9       
  {3,4,11,14,20}                 1   1.063    22           81           9       
  {3,4,11,14,20}                 2   1.063    2818         6561         8       
  {3,4,11,15,16}                 1   1.071    37           81           8       
  {3,4,11,15,16}                 2   1.071    6530         50625        7       
  {3,4,11,15,17}                 1   1.067    10           64           7       
  {3,4,11,15,17}                 2   1.067    3848         14641        8       
  {3,4,11,15,18}                 1   1.064    17           64           7       
  {3,4,11,15,18}                 2   1.064    3623         5832         9       
  {3,4,11,15,19}                 1   1.06     21           81           9       
  {3,4,11,15,19}                 2   1.06     4543         14641        9       
  {3,4,11,15,20}                 1   1.057    37           81           9       
  {3,4,11,15,20}                 2   1.057    4087         14641        9       
  {3,4,11,16,17}                 1   1.063    22           81           9       
  {3,4,11,16,17}                 2   1.063    5698         14641        9       
  {3,4,11,16,18}                 1   1.059    26           81           9       
  {3,4,11,16,18}                 2   1.059    63178        104976       10      
  {3,4,11,16,19}                 1   1.056    21           81           9       
  {3,4,11,16,19}                 2   1.056    8222         59049        7       
  {3,4,11,16,20}                 1   1.053    69           400          9       
  {3,4,11,16,20}                 2   1.053    12480        160000       9       
  {3,4,11,17,18}                 1   1.055    10           64           8       
  {3,4,11,17,18}                 2   1.055    5433         14641        9       
  {3,4,11,17,19}                 1   1.051    10           64           8       
  {3,4,11,17,19}                 2   1.051    4480         6561         11      
  {3,4,11,17,20}                 1   1.048    22           81           9       
  {3,4,11,17,20}                 2   1.048    5345         14641        10      
  {3,4,11,18,19}                 1   1.048    17           64           9       
  {3,4,11,18,19}                 2   1.048    7063         14641        10      
  {3,4,11,18,20}                 1   1.045    26           81           9       
  {3,4,11,18,20}                 2   1.045    6786         14641        10      
  {3,4,11,19,20}                 1   1.042    21           64           9       
  {3,4,11,19,20}                 2   1.042    7156         14641        10      
  {3,4,12,13,14}                 1   1.084    11           64           7       
  {3,4,12,13,14}                 2   1.084    2970         16384        7       
  {3,4,12,13,15}                 1   1.079    14           64           7       
  {3,4,12,13,15}                 2   1.079    2659         16384        7       
  {3,4,12,13,16}                 1   1.074    82           169          9       
  {3,4,12,13,16}                 2   1.074    6303         20736        9       
  {3,4,12,13,17}                 1   1.07     18           64           7       
  {3,4,12,13,17}                 2   1.07     4397         20736        10      
  {3,4,12,13,18}                 1   1.066    14           64           7       
  {3,4,12,13,18}                 2   1.066    6303         20736        10      
  {3,4,12,13,19}                 1   1.063    18           64           7       
  {3,4,12,13,19}                 2   1.063    4477         16384        7       
  {3,4,12,13,20}                 1   1.06     18           64           8       
  {3,4,12,13,20}                 2   1.06     7803         20736        10      
  {3,4,12,14,15}                 1   1.073    11           64           7       
  {3,4,12,14,15}                 2   1.073    3010         16384        7       
  {3,4,12,14,16}                 1   1.068    22           81           8       
  {3,4,12,14,16}                 2   1.068    4098         20736        10      
  {3,4,12,14,17}                 1   1.064    22           81           8       
  {3,4,12,14,17}                 2   1.064    3074         16384        7       
  {3,4,12,14,18}                 1   1.06     11           64           8       
  {3,4,12,14,18}                 2   1.06     3082         5832         9       
  {3,4,12,14,19}                 1   1.057    11           64           8       
  {3,4,12,14,19}                 2   1.057    3071         6561         9       
  {3,4,12,14,20}                 1   1.054    22           81           9       
  {3,4,12,14,20}                 2   1.054    2926         6561         8       
  {3,4,12,15,16}                 1   1.062    69           225          8       
  {3,4,12,15,16}                 2   1.062    19067        177147       8       
  {3,4,12,15,17}                 1   1.058    14           64           8       
  {3,4,12,15,17}                 2   1.058    3723         16384        7       
  {3,4,12,15,18}                 1   1.054    78           225          8       
  {3,4,12,15,18}                 2   1.054    4551         16384        8       
  {3,4,12,15,19}                 1   1.051    72           225          9       
  {3,4,12,15,19}                 2   1.051    2931         6561         9       
  {3,4,12,15,20}                 1   1.048    53           225          9       
  {3,4,12,15,20}                 2   1.048    7530         50625        8       
  {3,4,12,16,17}                 1   1.053    86           729          8       
  {3,4,12,16,17}                 2   1.053    6843         59049        7       
  {3,4,12,16,18}                 1   1.05     26           81           9       
  {3,4,12,16,18}                 2   1.05     7898         59049        7       
  {3,4,12,16,19}                 1   1.046    33           81           9       
  {3,4,12,16,19}                 2   1.046    8086         59049        8       
  {3,4,12,16,20}                 1   1.044    69           243          8       
  {3,4,12,16,20}                 2   1.044    17762        160000       8       
  {3,4,12,17,18}                 1   1.046    14           64           9       
  {3,4,12,17,18}                 2   1.046    6215         59049        8       
  {3,4,12,17,19}                 1   1.042    18           64           9       
  {3,4,12,17,19}                 2   1.042    5215         16384        10      
  {3,4,12,17,20}                 1   1.039    86           400          11      
  {3,4,12,17,20}                 2   1.039    6151         16384        10      
  {3,4,12,18,19}                 1   1.039    17           64           9       
  {3,4,12,18,19}                 2   1.039    6810         16384        10      
  {3,4,12,18,20}                 1   1.036    26           81           10      
  {3,4,12,18,20}                 2   1.036    7642         16384        10      
  {3,4,12,19,20}                 1   1.032    18           64           9       
  {3,4,12,19,20}                 2   1.032    6849         16384        10      
  {3,4,13,14,15}                 1   1.065    11           64           7       
  {3,4,13,14,15}                 2   1.065    3385         16384        7       
  {3,4,13,14,16}                 1   1.06     51           729          8       
  {3,4,13,14,16}                 2   1.06     8255         28561        10      
  {3,4,13,14,17}                 1   1.056    15           64           8       
  {3,4,13,14,17}                 2   1.056    4803         28561        10      
  {3,4,13,14,18}                 1   1.052    24           169          7       
  {3,4,13,14,18}                 2   1.052    3325         5832         9       
  {3,4,13,14,19}                 1   1.049    24           169          7       
  {3,4,13,14,19}                 2   1.049    4159         16384        8       
  {3,4,13,14,20}                 1   1.046    35           169          7       
  {3,4,13,14,20}                 2   1.046    4770         16384        9       
  {3,4,13,15,16}                 1   1.055    21           169          7       
  {3,4,13,15,16}                 2   1.055    6537         28561        9       
  {3,4,13,15,17}                 1   1.051    14           64           8       
  {3,4,13,15,17}                 2   1.051    5312         28561        9       
  {3,4,13,15,18}                 1   1.047    14           64           8       
  {3,4,13,15,18}                 2   1.047    5375         16384        8       
  {3,4,13,15,19}                 1   1.044    21           169          7       
  {3,4,13,15,19}                 2   1.044    3412         6561         10      
  {3,4,13,15,20}                 1   1.041    21           64           9       
  {3,4,13,15,20}                 2   1.041    4487         16384        9       
  {3,4,13,16,17}                 1   1.046    18           64           9       
  {3,4,13,16,17}                 2   1.046    7493         59049        8       
  {3,4,13,16,18}                 1   1.042    24           169          7       
  {3,4,13,16,18}                 2   1.042    8546         59049        8       
  {3,4,13,16,19}                 1   1.039    70           729          10      
  {3,4,13,16,19}                 2   1.039    8059         59049        8       
  {3,4,13,16,20}                 1   1.036    21           64           9       
  {3,4,13,16,20}                 2   1.036    9615         59049        8       
  {3,4,13,17,18}                 1   1.038    15           64           9       
  {3,4,13,17,18}                 2   1.038    6087         16384        9       
  {3,4,13,17,19}                 1   1.035    54           729          10      
  {3,4,13,17,19}                 2   1.035    5682         16384        10      
  {3,4,13,17,20}                 1   1.032    180          400          11      
  {3,4,13,17,20}                 2   1.032    5048         6561         11      
  {3,4,13,18,19}                 1   1.031    24           169          9       
  {3,4,13,18,19}                 2   1.031    6531         16384        10      
  {3,4,13,18,20}                 1   1.028    15           64           9       
  {3,4,13,18,20}                 2   1.028    6303         16384        11      
  {3,4,13,19,20}                 1   1.025    21           64           9       
  {3,4,13,19,20}                 2   1.025    6511         16384        11      
  {3,4,14,15,16}                 1   1.048    11           64           8       
  {3,4,14,15,16}                 2   1.048    6528         38416        7       
  {3,4,14,15,17}                 1   1.044    11           64           9       
  {3,4,14,15,17}                 2   1.044    6093         38416        9       
  {3,4,14,15,18}                 1   1.041    11           64           9       
  {3,4,14,15,18}                 2   1.041    6294         38416        9       
  {3,4,14,15,19}                 1   1.037    11           64           9       
  {3,4,14,15,19}                 2   1.037    3550         6561         10      
  {3,4,14,15,20}                 1   1.034    11           64           9       
  {3,4,14,15,20}                 2   1.034    5829         16384        9       
  {3,4,14,16,17}                 1   1.039    22           196          7       
  {3,4,14,16,17}                 2   1.039    8059         38416        9       
  {3,4,14,16,18}                 1   1.036    24           196          7       
  {3,4,14,16,18}                 2   1.036    9147         38416        9       
  {3,4,14,16,19}                 1   1.032    24           196          7       
  {3,4,14,16,19}                 2   1.032    8875         38416        9       
  {3,4,14,16,20}                 1   1.03     22           64           9       
  {3,4,14,16,20}                 2   1.03     8311         38416        9       
  {3,4,14,17,18}                 1   1.032    15           64           9       
  {3,4,14,17,18}                 2   1.032    5475         5832         11      
  {3,4,14,17,19}                 1   1.028    15           64           9       
  {3,4,14,17,19}                 2   1.028    6411         16384        9       
  {3,4,14,17,20}                 1   1.025    22           64           9       
  {3,4,14,17,20}                 2   1.025    5475         16384        11      
  {3,4,14,18,19}                 1   1.025    24           196          8       
  {3,4,14,18,19}                 2   1.025    7015         16384        11      
  {3,4,14,18,20}                 1   1.022    15           64           10      
  {3,4,14,18,20}                 2   1.022    7070         16384        11      
  {3,4,14,19,20}                 1   1.018    15           64           11      
  {3,4,14,19,20}                 2   1.018    6827         16384        11      
  {3,4,15,16,17}                 1   1.034    14           729          10      
  {3,4,15,16,17}                 2   1.034    7764         177147       10      
  {3,4,15,16,18}                 1   1.03     251          729          10      
  {3,4,15,16,18}                 2   1.03     8329         104976       11      
  {3,4,15,16,19}                 1   1.027    233          729          10      
  {3,4,15,16,19}                 2   1.027    56539        130321       11      
  {3,4,15,16,20}                 1   1.024    218          400          11      
  {3,4,15,16,20}                 2   1.024    11131        160000       11      
  {3,4,15,17,18}                 1   1.026    14           225          7       
  {3,4,15,17,18}                 2   1.026    5402         16384        10      
  {3,4,15,17,19}                 1   1.023    14           225          7       
  {3,4,15,17,19}                 2   1.023    7099         16384        10      
  {3,4,15,17,20}                 1   1.02     14           225          7       
  {3,4,15,17,20}                 2   1.02     7764         16384        11      
  {3,4,15,18,19}                 1   1.019    242          324          12      
  {3,4,15,18,19}                 2   1.019    7086         16384        11      
  {3,4,15,18,20}                 1   1.016    251          324          12      
  {3,4,15,18,20}                 2   1.016    7125         16384        12      
  {3,4,15,19,20}                 1   1.013    21           361          12      
  {3,4,15,19,20}                 2   1.013    7486         16384        12      
  {3,4,16,17,18}                 1   1.021    258          729          10      
  {3,4,16,17,18}                 2   1.021    69861        177147       10      
  {3,4,16,17,19}                 1   1.018    261          729          10      
  {3,4,16,17,19}                 2   1.018    68981        177147       11      
  {3,4,16,17,20}                 1   1.015    261          400          12      
  {3,4,16,17,20}                 2   1.015    69644        177147       13      
  {3,4,16,18,19}                 1   1.014    267          729          13      
  {3,4,16,18,19}                 2   1.014    72705        177147       13      
  {3,4,16,18,20}                 1   1.011    257          729          13      
  {3,4,16,18,20}                 2   1.011    71179        177147       13      
  {3,4,16,19,20}                 1   1.008    264          729          13      
  {3,4,16,19,20}                 2   1.008    131250       177147       14      
  {3,4,17,18,19}                 1   1.01     257          324          14      
  {3,4,17,18,19}                 2   1.01     6176         83521        13      
  {3,4,17,18,20}                 1   1.007    258          324          15      
  {3,4,17,18,20}                 2   1.007    11255        83521        14      
  {3,4,17,19,20}                 1   1.004    261          361          17      
  {3,4,17,19,20}                 2   1.004    6876         83521        16      
  {3,4,18,19,20}                 1   1        253          729          23      
  {3,4,18,19,20}                 2   1        7486         104976       22      
  {3,5,6,7,8}                    1   1.26     4            25           5       
  {3,5,6,7,8}                    2   1.26     679          729          6       
  {3,5,6,7,9}                    1   1.242    4            25           6       
  {3,5,6,7,9}                    2   1.242    663          1296         7       
  {3,5,6,7,10}                   1   1.228    4            25           5       
  {3,5,6,7,10}                   2   1.228    934          1296         7       
  {3,5,6,7,11}                   1   1.217    4            25           5       
  {3,5,6,7,11}                   2   1.217    982          6561         6       
  {3,5,6,7,12}                   1   1.208    4            25           5       
  {3,5,6,7,12}                   2   1.208    1077         6561         6       
  {3,5,6,7,13}                   1   1.2      4            25           5       
  {3,5,6,7,13}                   2   1.2      2020         6561         6       
  {3,5,6,7,14}                   1   1.194    4            25           6       
  {3,5,6,7,14}                   2   1.194    900          2744         7       
  {3,5,6,7,15}                   1   1.188    4            25           6       
  {3,5,6,7,15}                   2   1.188    2145         3125         7       
  {3,5,6,7,16}                   1   1.183    4            25           6       
  {3,5,6,7,16}                   2   1.183    704          1296         7       
  {3,5,6,7,17}                   1   1.179    4            25           6       
  {3,5,6,7,17}                   2   1.179    891          3125         7       
  {3,5,6,7,18}                   1   1.175    4            25           6       
  {3,5,6,7,18}                   2   1.175    897          3125         7       
  {3,5,6,7,19}                   1   1.172    4            25           6       
  {3,5,6,7,19}                   2   1.172    2145         6561         6       
  {3,5,6,7,20}                   1   1.169    4            25           6       
  {3,5,6,7,20}                   2   1.169    2278         6561         6       
  {3,5,6,8,9}                    1   1.218    10           64           6       
  {3,5,6,8,9}                    2   1.218    1409         3125         6       
  {3,5,6,8,10}                   1   1.204    7            25           6       
  {3,5,6,8,10}                   2   1.204    2344         6561         6       
  {3,5,6,8,11}                   1   1.193    21           64           6       
  {3,5,6,8,11}                   2   1.193    1337         3125         7       
  {3,5,6,8,12}                   1   1.184    10           64           6       
  {3,5,6,8,12}                   2   1.184    1553         3125         7       
  {3,5,6,8,13}                   1   1.176    10           64           6       
  {3,5,6,8,13}                   2   1.176    1308         3125         7       
  {3,5,6,8,14}                   1   1.17     24           64           6       
  {3,5,6,8,14}                   2   1.17     1476         2744         7       
  {3,5,6,8,15}                   1   1.164    10           25           6       
  {3,5,6,8,15}                   2   1.164    4010         6561         8       
  {3,5,6,8,16}                   1   1.16     10           25           6       
  {3,5,6,8,16}                   2   1.16     1284         3125         7       
  {3,5,6,8,17}                   1   1.155    24           64           6       
  {3,5,6,8,17}                   2   1.155    2633         6561         7       
  {3,5,6,8,18}                   1   1.152    10           25           6       
  {3,5,6,8,18}                   2   1.152    2693         5832         7       
  {3,5,6,8,19}                   1   1.148    29           64           7       
  {3,5,6,8,19}                   2   1.148    2705         6561         7       
  {3,5,6,8,20}                   1   1.145    24           64           7       
  {3,5,6,8,20}                   2   1.145    2669         6561         7       
  {3,5,6,9,10}                   1   1.186    7            25           6       
  {3,5,6,9,10}                   2   1.186    1626         6561         6       
  {3,5,6,9,11}                   1   1.175    13           81           6       
  {3,5,6,9,11}                   2   1.175    2889         14641        7       
  {3,5,6,9,12}                   1   1.166    22           81           6       
  {3,5,6,9,12}                   2   1.166    9950         46656        6       
  {3,5,6,9,13}                   1   1.158    10           81           6       
  {3,5,6,9,13}                   2   1.158    2810         15625        7       
  {3,5,6,9,14}                   1   1.152    16           81           6       
  {3,5,6,9,14}                   2   1.152    2955         6561         6       
  {3,5,6,9,15}                   1   1.146    22           81           6       
  {3,5,6,9,15}                   2   1.146    4739         15625        7       
  {3,5,6,9,16}                   1   1.142    13           81           6       
  {3,5,6,9,16}                   2   1.142    3663         15625        7       
  {3,5,6,9,17}                   1   1.138    19           81           6       
  {3,5,6,9,17}                   2   1.138    4577         15625        7       
  {3,5,6,9,18}                   1   1.134    22           81           6       
  {3,5,6,9,18}                   2   1.134    9887         15625        7       
  {3,5,6,9,19}                   1   1.131    16           81           6       
  {3,5,6,9,19}                   2   1.131    6704         15625        7       
  {3,5,6,9,20}                   1   1.128    22           81           6       
  {3,5,6,9,20}                   2   1.128    7850         15625        8       
  {3,5,6,10,11}                  1   1.161    7            25           7       
  {3,5,6,10,11}                  2   1.161    1289         6561         6       
  {3,5,6,10,12}                  1   1.152    7            25           7       
  {3,5,6,10,12}                  2   1.152    1824         6561         6       
  {3,5,6,10,13}                  1   1.144    7            25           7       
  {3,5,6,10,13}                  2   1.144    2103         6561         6       
  {3,5,6,10,14}                  1   1.138    7            25           7       
  {3,5,6,10,14}                  2   1.138    2344         6561         6       
  {3,5,6,10,15}                  1   1.133    7            25           7       
  {3,5,6,10,15}                  2   1.133    3955         15625        7       
  {3,5,6,10,16}                  1   1.128    7            25           7       
  {3,5,6,10,16}                  2   1.128    1909         3125         7       
  {3,5,6,10,17}                  1   1.124    7            25           8       
  {3,5,6,10,17}                  2   1.124    1832         3125         7       
  {3,5,6,10,18}                  1   1.12     7            25           8       
  {3,5,6,10,18}                  2   1.12     6704         15625        8       
  {3,5,6,10,19}                  1   1.117    26           81           6       
  {3,5,6,10,19}                  2   1.117    6355         15625        8       
  {3,5,6,10,20}                  1   1.114    7            25           8       
  {3,5,6,10,20}                  2   1.114    6494         15625        8       
  {3,5,6,11,12}                  1   1.141    13           81           6       
  {3,5,6,11,12}                  2   1.141    1679         6561         6       
  {3,5,6,11,13}                  1   1.133    10           25           7       
  {3,5,6,11,13}                  2   1.133    2000         6561         6       
  {3,5,6,11,14}                  1   1.127    24           81           6       
  {3,5,6,11,14}                  2   1.127    1737         2744         7       
  {3,5,6,11,15}                  1   1.121    13           81           6       
  {3,5,6,11,15}                  2   1.121    2326         6561         8       
  {3,5,6,11,16}                  1   1.117    13           81           6       
  {3,5,6,11,16}                  2   1.117    1679         3125         7       
  {3,5,6,11,17}                  1   1.112    24           81           6       
  {3,5,6,11,17}                  2   1.112    2615         6561         8       
  {3,5,6,11,18}                  1   1.109    13           25           8       
  {3,5,6,11,18}                  2   1.109    2119         3125         7       
  {3,5,6,11,19}                  1   1.106    21           81           7       
  {3,5,6,11,19}                  2   1.106    1643         6561         6       
  {3,5,6,11,20}                  1   1.103    24           81           7       
  {3,5,6,11,20}                  2   1.103    2101         14641        9       
  {3,5,6,12,13}                  1   1.124    10           25           8       
  {3,5,6,12,13}                  2   1.124    2640         6561         7       
  {3,5,6,12,14}                  1   1.118    16           81           6       
  {3,5,6,12,14}                  2   1.118    2640         6561         8       
  {3,5,6,12,15}                  1   1.112    22           81           6       
  {3,5,6,12,15}                  2   1.112    4802         15625        7       
  {3,5,6,12,16}                  1   1.108    13           81           6       
  {3,5,6,12,16}                  2   1.108    3078         6561         9       
  {3,5,6,12,17}                  1   1.103    19           81           7       
  {3,5,6,12,17}                  2   1.103    3929         6561         9       
  {3,5,6,12,18}                  1   1.1      22           81           7       
  {3,5,6,12,18}                  2   1.1      11138        46656        8       
  {3,5,6,12,19}                  1   1.096    16           81           7       
  {3,5,6,12,19}                  2   1.096    3768         15625        7       
  {3,5,6,12,20}                  1   1.094    22           81           7       
  {3,5,6,12,20}                  2   1.094    3078         15625        8       
  {3,5,6,13,14}                  1   1.11     10           25           9       
  {3,5,6,13,14}                  2   1.11     2899         6561         8       
  {3,5,6,13,15}                  1   1.105    10           25           9       
  {3,5,6,13,15}                  2   1.105    2854         6561         8       
  {3,5,6,13,16}                  1   1.1      26           81           7       
  {3,5,6,13,16}                  2   1.1      2318         3125         8       
  {3,5,6,13,17}                  1   1.096    10           25           9       
  {3,5,6,13,17}                  2   1.096    2829         6561         9       
  {3,5,6,13,18}                  1   1.092    10           25           9       
  {3,5,6,13,18}                  2   1.092    2793         15625        7       
  {3,5,6,13,19}                  1   1.089    29           81           8       
  {3,5,6,13,19}                  2   1.089    2685         15625        8       
  {3,5,6,13,20}                  1   1.086    10           25           9       
  {3,5,6,13,20}                  2   1.086    3299         15625        8       
  {3,5,6,14,15}                  1   1.098    16           81           7       
  {3,5,6,14,15}                  2   1.098    3176         6561         9       
  {3,5,6,14,16}                  1   1.094    13           25           9       
  {3,5,6,14,16}                  2   1.094    2860         6561         9       
  {3,5,6,14,17}                  1   1.089    24           81           8       
  {3,5,6,14,17}                  2   1.089    2840         6561         9       
  {3,5,6,14,18}                  1   1.086    16           81           8       
  {3,5,6,14,18}                  2   1.086    2793         5832         8       
  {3,5,6,14,19}                  1   1.082    21           81           8       
  {3,5,6,14,19}                  2   1.082    2955         15625        8       
  {3,5,6,14,20}                  1   1.08     24           81           8       
  {3,5,6,14,20}                  2   1.08     3299         15625        8       
  {3,5,6,15,16}                  1   1.088    13           25           9       
  {3,5,6,15,16}                  2   1.088    3720         6561         9       
  {3,5,6,15,17}                  1   1.084    19           81           8       
  {3,5,6,15,17}                  2   1.084    4037         6561         9       
  {3,5,6,15,18}                  1   1.08     22           81           8       
  {3,5,6,15,18}                  2   1.08     5594         15625        8       
  {3,5,6,15,19}                  1   1.077    16           81           8       
  {3,5,6,15,19}                  2   1.077    7457         15625        8       
  {3,5,6,15,20}                  1   1.074    22           81           8       
  {3,5,6,15,20}                  2   1.074    7014         15625        8       
  {3,5,6,16,17}                  1   1.079    13           25           9       
  {3,5,6,16,17}                  2   1.079    4077         6561         9       
  {3,5,6,16,18}                  1   1.075    13           25           9       
  {3,5,6,16,18}                  2   1.075    3663         15625        8       
  {3,5,6,16,19}                  1   1.072    29           81           8       
  {3,5,6,16,19}                  2   1.072    3321         6561         9       
  {3,5,6,16,20}                  1   1.069    13           25           9       
  {3,5,6,16,20}                  2   1.069    3370         6561         9       
  {3,5,6,17,18}                  1   1.071    19           81           8       
  {3,5,6,17,18}                  2   1.071    5084         15625        8       
  {3,5,6,17,19}                  1   1.068    21           81           8       
  {3,5,6,17,19}                  2   1.068    3707         6561         9       
  {3,5,6,17,20}                  1   1.065    24           81           8       
  {3,5,6,17,20}                  2   1.065    5810         15625        9       
  {3,5,6,18,19}                  1   1.064    16           25           10      
  {3,5,6,18,19}                  2   1.064    6380         15625        9       
  {3,5,6,18,20}                  1   1.061    22           81           8       
  {3,5,6,18,20}                  2   1.061    6464         15625        9       
  {3,5,6,19,20}                  1   1.058    21           81           8       
  {3,5,6,19,20}                  2   1.058    7232         15625        10      
  {3,5,7,8,9}                    1   1.185    6            25           6       
  {3,5,7,8,9}                    2   1.185    1160         3125         7       
  {3,5,7,8,10}                   1   1.171    6            25           7       
  {3,5,7,8,10}                   2   1.171    1192         3125         7       
  {3,5,7,8,11}                   1   1.16     6            25           7       
  {3,5,7,8,11}                   2   1.16     1355         3125         8       
  {3,5,7,8,12}                   1   1.15     6            25           7       
  {3,5,7,8,12}                   2   1.15     2371         3125         8       
  {3,5,7,8,13}                   1   1.143    6            25           7       
  {3,5,7,8,13}                   2   1.143    2485         3125         8       
  {3,5,7,8,14}                   1   1.136    6            25           7       
  {3,5,7,8,14}                   2   1.136    2806         15625        6       
  {3,5,7,8,15}                   1   1.131    6            25           6       
  {3,5,7,8,15}                   2   1.131    2931         15625        6       
  {3,5,7,8,16}                   1   1.126    6            25           6       
  {3,5,7,8,16}                   2   1.126    2714         15625        7       
  {3,5,7,8,17}                   1   1.122    6            25           7       
  {3,5,7,8,17}                   2   1.122    2813         15625        7       
  {3,5,7,8,18}                   1   1.118    6            25           7       
  {3,5,7,8,18}                   2   1.118    2917         5832         7       
  {3,5,7,8,19}                   1   1.115    6            25           7       
  {3,5,7,8,19}                   2   1.115    2706         6561         7       
  {3,5,7,8,20}                   1   1.112    26           49           8       
  {3,5,7,8,20}                   2   1.112    2944         6561         7       
  {3,5,7,9,10}                   1   1.153    11           49           6       
  {3,5,7,9,10}                   2   1.153    3019         15625        8       
  {3,5,7,9,11}                   1   1.142    31           81           6       
  {3,5,7,9,11}                   2   1.142    1665         6561         6       
  {3,5,7,9,12}                   1   1.133    13           49           7       
  {3,5,7,9,12}                   2   1.133    2521         6561         6       
  {3,5,7,9,13}                   1   1.125    11           49           7       
  {3,5,7,9,13}                   2   1.125    2357         6561         6       
  {3,5,7,9,14}                   1   1.119    20           49           7       
  {3,5,7,9,14}                   2   1.119    3162         6561         8       
  {3,5,7,9,15}                   1   1.113    13           49           7       
  {3,5,7,9,15}                   2   1.113    3110         6561         8       
  {3,5,7,9,16}                   1   1.108    103          343          8       
  {3,5,7,9,16}                   2   1.108    2610         6561         9       
  {3,5,7,9,17}                   1   1.104    13           49           7       
  {3,5,7,9,17}                   2   1.104    3081         6561         9       
  {3,5,7,9,18}                   1   1.1      47           243          6       
  {3,5,7,9,18}                   2   1.1      15636        104976       8       
  {3,5,7,9,19}                   1   1.097    20           49           8       
  {3,5,7,9,19}                   2   1.097    6373         15625        8       
  {3,5,7,9,20}                   1   1.094    31           81           9       
  {3,5,7,9,20}                   2   1.094    7283         15625        9       
  {3,5,7,10,11}                  1   1.128    6            25           7       
  {3,5,7,10,11}                  2   1.128    2568         6561         6       
  {3,5,7,10,12}                  1   1.119    23           49           7       
  {3,5,7,10,12}                  2   1.119    2409         6561         6       
  {3,5,7,10,13}                  1   1.111    11           49           7       
  {3,5,7,10,13}                  2   1.111    2811         6561         7       
  {3,5,7,10,14}                  1   1.105    11           25           8       
  {3,5,7,10,14}                  2   1.105    3085         6561         7       
  {3,5,7,10,15}                  1   1.099    11           25           8       
  {3,5,7,10,15}                  2   1.099    3487         6561         8       
  {3,5,7,10,16}                  1   1.094    11           25           8       
  {3,5,7,10,16}                  2   1.094    2991         6561         8       
  {3,5,7,10,17}                  1   1.09     23           49           8       
  {3,5,7,10,17}                  2   1.09     2966         6561         9       
  {3,5,7,10,18}                  1   1.087    11           25           9       
  {3,5,7,10,18}                  2   1.087    5735         15625        9       
  {3,5,7,10,19}                  1   1.083    23           49           9       
  {3,5,7,10,19}                  2   1.083    2966         15625        9       
  {3,5,7,10,20}                  1   1.08     11           25           9       
  {3,5,7,10,20}                  2   1.08     6144         15625        9       
  {3,5,7,11,12}                  1   1.108    13           49           7       
  {3,5,7,11,12}                  2   1.108    1846         14641        5       
  {3,5,7,11,13}                  1   1.1      6            25           8       
  {3,5,7,11,13}                  2   1.1      2334         14641        5       
  {3,5,7,11,14}                  1   1.094    13           49           7       
  {3,5,7,11,14}                  2   1.094    2642         2744         9       
  {3,5,7,11,15}                  1   1.088    13           49           8       
  {3,5,7,11,15}                  2   1.088    2642         3125         9       
  {3,5,7,11,16}                  1   1.083    29           81           8       
  {3,5,7,11,16}                  2   1.083    2751         14641        7       
  {3,5,7,11,17}                  1   1.079    13           25           9       
  {3,5,7,11,17}                  2   1.079    2760         14641        7       
  {3,5,7,11,18}                  1   1.075    31           81           8       
  {3,5,7,11,18}                  2   1.075    3059         14641        8       
  {3,5,7,11,19}                  1   1.072    13           25           9       
  {3,5,7,11,19}                  2   1.072    2853         14641        8       
  {3,5,7,11,20}                  1   1.069    22           49           9       
  {3,5,7,11,20}                  2   1.069    2468         6561         7       
  {3,5,7,12,13}                  1   1.091    11           25           8       
  {3,5,7,12,13}                  2   1.091    2577         20736        10      
  {3,5,7,12,14}                  1   1.084    18           49           8       
  {3,5,7,12,14}                  2   1.084    2872         20736        10      
  {3,5,7,12,15}                  1   1.079    38           225          10      
  {3,5,7,12,15}                  2   1.079    2714         15625        7       
  {3,5,7,12,16}                  1   1.074    18           49           9       
  {3,5,7,12,16}                  2   1.074    2525         3125         10      
  {3,5,7,12,17}                  1   1.07     23           49           9       
  {3,5,7,12,17}                  2   1.07     2741         3125         10      
  {3,5,7,12,18}                  1   1.066    13           25           9       
  {3,5,7,12,18}                  2   1.066    4545         59049        8       
  {3,5,7,12,19}                  1   1.063    23           49           9       
  {3,5,7,12,19}                  2   1.063    2499         6561         8       
  {3,5,7,12,20}                  1   1.06     119          243          9       
  {3,5,7,12,20}                  2   1.06     2872         15625        9       
  {3,5,7,13,14}                  1   1.077    11           25           9       
  {3,5,7,13,14}                  2   1.077    3154         28561        10      
  {3,5,7,13,15}                  1   1.071    26           49           9       
  {3,5,7,13,15}                  2   1.071    2936         15625        7       
  {3,5,7,13,16}                  1   1.067    11           25           9       
  {3,5,7,13,16}                  2   1.067    2677         15625        7       
  {3,5,7,13,17}                  1   1.062    11           25           9       
  {3,5,7,13,17}                  2   1.062    2931         15625        8       
  {3,5,7,13,18}                  1   1.059    11           25           9       
  {3,5,7,13,18}                  2   1.059    4827         59049        8       
  {3,5,7,13,19}                  1   1.056    11           25           10      
  {3,5,7,13,19}                  2   1.056    2711         6561         8       
  {3,5,7,13,20}                  1   1.053    31           81           8       
  {3,5,7,13,20}                  2   1.053    5202         15625        9       
  {3,5,7,14,15}                  1   1.065    13           25           9       
  {3,5,7,14,15}                  2   1.065    3105         15625        7       
  {3,5,7,14,16}                  1   1.06     20           49           9       
  {3,5,7,14,16}                  2   1.06     2980         15625        8       
  {3,5,7,14,17}                  1   1.056    18           49           9       
  {3,5,7,14,17}                  2   1.056    3056         15625        8       
  {3,5,7,14,18}                  1   1.052    20           49           9       
  {3,5,7,14,18}                  2   1.052    5383         38416        9       
  {3,5,7,14,19}                  1   1.049    20           49           9       
  {3,5,7,14,19}                  2   1.049    5588         38416        9       
  {3,5,7,14,20}                  1   1.046    18           49           9       
  {3,5,7,14,20}                  2   1.046    5349         15625        9       
  {3,5,7,15,16}                  1   1.055    13           25           10      
  {3,5,7,15,16}                  2   1.055    2991         15625        8       
  {3,5,7,15,17}                  1   1.051    13           49           9       
  {3,5,7,15,17}                  2   1.051    5774         50625        7       
  {3,5,7,15,18}                  1   1.047    13           25           11      
  {3,5,7,15,18}                  2   1.047    5767         50625        8       
  {3,5,7,15,19}                  1   1.044    13           25           11      
  {3,5,7,15,19}                  2   1.044    6235         50625        8       
  {3,5,7,15,20}                  1   1.041    26           49           9       
  {3,5,7,15,20}                  2   1.041    5534         15625        9       
  {3,5,7,16,17}                  1   1.046    18           49           9       
  {3,5,7,16,17}                  2   1.046    5131         15625        9       
  {3,5,7,16,18}                  1   1.042    47           243          8       
  {3,5,7,16,18}                  2   1.042    5243         15625        9       
  {3,5,7,16,19}                  1   1.039    20           49           9       
  {3,5,7,16,19}                  2   1.039    5443         15625        9       
  {3,5,7,16,20}                  1   1.036    38           81           9       
  {3,5,7,16,20}                  2   1.036    3391         6561         11      
  {3,5,7,17,18}                  1   1.038    13           25           11      
  {3,5,7,17,18}                  2   1.038    5831         15625        9       
  {3,5,7,17,19}                  1   1.035    23           49           9       
  {3,5,7,17,19}                  2   1.035    5804         15625        9       
  {3,5,7,17,20}                  1   1.032    18           49           10      
  {3,5,7,17,20}                  2   1.032    5831         15625        10      
  {3,5,7,18,19}                  1   1.031    20           49           10      
  {3,5,7,18,19}                  2   1.031    5901         15625        10      
  {3,5,7,18,20}                  1   1.028    31           49           11      
  {3,5,7,18,20}                  2   1.028    8244         59049        9       
  {3,5,7,19,20}                  1   1.025    18           25           11      
  {3,5,7,19,20}                  2   1.025    7234         15625        11      
  {3,5,8,9,10}                   1   1.129    7            25           7       
  {3,5,8,9,10}                   2   1.129    3660         15625        7       
  {3,5,8,9,11}                   1   1.118    15           64           6       
  {3,5,8,9,11}                   2   1.118    3500         6561         8       
  {3,5,8,9,12}                   1   1.109    19           81           9       
  {3,5,8,9,12}                   2   1.109    5344         15625        7       
  {3,5,8,9,13}                   1   1.101    19           81           9       
  {3,5,8,9,13}                   2   1.101    3785         6561         9       
  {3,5,8,9,14}                   1   1.095    24           81           9       
  {3,5,8,9,14}                   2   1.095    5442         15625        7       
  {3,5,8,9,15}                   1   1.089    19           81           9       
  {3,5,8,9,15}                   2   1.089    13371        32768        7       
  {3,5,8,9,16}                   1   1.085    15           64           7       
  {3,5,8,9,16}                   2   1.085    9496         32768        7       
  {3,5,8,9,17}                   1   1.08     88           243          7       
  {3,5,8,9,17}                   2   1.08     5279         15625        8       
  {3,5,8,9,18}                   1   1.077    24           81           9       
  {3,5,8,9,18}                   2   1.077    4713         15625        8       
  {3,5,8,9,19}                   1   1.073    15           64           8       
  {3,5,8,9,19}                   2   1.073    4333         15625        8       
  {3,5,8,9,20}                   1   1.07     24           81           9       
  {3,5,8,9,20}                   2   1.07     6529         15625        9       
  {3,5,8,10,11}                  1   1.104    7            25           8       
  {3,5,8,10,11}                  2   1.104    2119         6561         7       
  {3,5,8,10,12}                  1   1.095    7            25           8       
  {3,5,8,10,12}                  2   1.095    2884         6561         8       
  {3,5,8,10,13}                  1   1.087    7            25           8       
  {3,5,8,10,13}                  2   1.087    2965         6561         9       
  {3,5,8,10,14}                  1   1.081    7            25           8       
  {3,5,8,10,14}                  2   1.081    2936         6561         9       
  {3,5,8,10,15}                  1   1.075    7            25           8       
  {3,5,8,10,15}                  2   1.075    5542         15625        8       
  {3,5,8,10,16}                  1   1.071    7            25           8       
  {3,5,8,10,16}                  2   1.071    3842         6561         9       
  {3,5,8,10,17}                  1   1.066    7            25           8       
  {3,5,8,10,17}                  2   1.066    3776         6561         9       
  {3,5,8,10,18}                  1   1.063    7            25           9       
  {3,5,8,10,18}                  2   1.063    5561         15625        9       
  {3,5,8,10,19}                  1   1.06     7            25           9       
  {3,5,8,10,19}                  2   1.06     5561         15625        9       
  {3,5,8,10,20}                  1   1.057    7            25           10      
  {3,5,8,10,20}                  2   1.057    5917         15625        10      
  {3,5,8,11,12}                  1   1.084    82           512          8       
  {3,5,8,11,12}                  2   1.084    2075         3125         8       
  {3,5,8,11,13}                  1   1.076    15           64           7       
  {3,5,8,11,13}                  2   1.076    2269         3125         9       
  {3,5,8,11,14}                  1   1.07     29           81           8       
  {3,5,8,11,14}                  2   1.07     2773         14641        7       
  {3,5,8,11,15}                  1   1.064    21           81           9       
  {3,5,8,11,15}                  2   1.064    3542         14641        7       
  {3,5,8,11,16}                  1   1.06     26           81           9       
  {3,5,8,11,16}                  2   1.06     3827         14641        8       
  {3,5,8,11,17}                  1   1.055    21           81           9       
  {3,5,8,11,17}                  2   1.055    3572         14641        9       
  {3,5,8,11,18}                  1   1.052    15           64           9       
  {3,5,8,11,18}                  2   1.052    3569         5832         9       
  {3,5,8,11,19}                  1   1.048    29           81           9       
  {3,5,8,11,19}                  2   1.048    4167         14641        9       
  {3,5,8,11,20}                  1   1.045    82           243          9       
  {3,5,8,11,20}                  2   1.045    3806         14641        10      
  {3,5,8,12,13}                  1   1.067    83           169          10      
  {3,5,8,12,13}                  2   1.067    2835         15625        7       
  {3,5,8,12,14}                  1   1.061    18           64           9       
  {3,5,8,12,14}                  2   1.061    2862         15625        7       
  {3,5,8,12,15}                  1   1.055    19           64           9       
  {3,5,8,12,15}                  2   1.055    3178         15625        7       
  {3,5,8,12,16}                  1   1.05     18           64           9       
  {3,5,8,12,16}                  2   1.05     6841         20736        10      
  {3,5,8,12,17}                  1   1.046    19           64           9       
  {3,5,8,12,17}                  2   1.046    4614         15625        8       
  {3,5,8,12,18}                  1   1.043    19           64           9       
  {3,5,8,12,18}                  2   1.043    4361         15625        9       
  {3,5,8,12,19}                  1   1.039    18           64           9       
  {3,5,8,12,19}                  2   1.039    4333         15625        10      
  {3,5,8,12,20}                  1   1.036    19           64           9       
  {3,5,8,12,20}                  2   1.036    6806         20736        10      
  {3,5,8,13,14}                  1   1.053    15           64           9       
  {3,5,8,13,14}                  2   1.053    4909         28561        11      
  {3,5,8,13,15}                  1   1.048    19           64           9       
  {3,5,8,13,15}                  2   1.048    4792         28561        10      
  {3,5,8,13,16}                  1   1.043    31           81           10      
  {3,5,8,13,16}                  2   1.043    3164         15625        8       
  {3,5,8,13,17}                  1   1.039    23           81           10      
  {3,5,8,13,17}                  2   1.039    3208         15625        9       
  {3,5,8,13,18}                  1   1.035    19           64           9       
  {3,5,8,13,18}                  2   1.035    4713         15625        9       
  {3,5,8,13,19}                  1   1.032    23           81           10      
  {3,5,8,13,19}                  2   1.032    4567         15625        11      
  {3,5,8,13,20}                  1   1.029    19           64           9       
  {3,5,8,13,20}                  2   1.029    4870         15625        11      
  {3,5,8,14,15}                  1   1.041    85           196          11      
  {3,5,8,14,15}                  2   1.041    3204         15625        8       
  {3,5,8,14,16}                  1   1.036    18           64           9       
  {3,5,8,14,16}                  2   1.036    5829         32768        10      
  {3,5,8,14,17}                  1   1.032    24           81           10      
  {3,5,8,14,17}                  2   1.032    3268         15625        9       
  {3,5,8,14,18}                  1   1.029    24           81           11      
  {3,5,8,14,18}                  2   1.029    3515         5832         11      
  {3,5,8,14,19}                  1   1.025    29           81           11      
  {3,5,8,14,19}                  2   1.025    6012         15625        10      
  {3,5,8,14,20}                  1   1.022    24           81           12      
  {3,5,8,14,20}                  2   1.022    3515         6561         11      
  {3,5,8,15,16}                  1   1.031    10           25           11      
  {3,5,8,15,16}                  2   1.031    3677         15625        9       
  {3,5,8,15,17}                  1   1.027    21           64           9       
  {3,5,8,15,17}                  2   1.027    5649         15625        10      
  {3,5,8,15,18}                  1   1.023    19           64           10      
  {3,5,8,15,18}                  2   1.023    6349         32768        10      
  {3,5,8,15,19}                  1   1.02     21           64           10      
  {3,5,8,15,19}                  2   1.02     6592         15625        11      
  {3,5,8,15,20}                  1   1.017    21           64           11      
  {3,5,8,15,20}                  2   1.017    6754         15625        12      
  {3,5,8,16,17}                  1   1.022    87           512          11      
  {3,5,8,16,17}                  2   1.022    6785         32768        10      
  {3,5,8,16,18}                  1   1.018    15           25           11      
  {3,5,8,16,18}                  2   1.018    5910         15625        11      
  {3,5,8,16,19}                  1   1.015    26           81           13      
  {3,5,8,16,19}                  2   1.015    6879         15625        11      
  {3,5,8,16,20}                  1   1.012    26           81           14      
  {3,5,8,16,20}                  2   1.012    7161         15625        12      
  {3,5,8,17,18}                  1   1.014    88           324          13      
  {3,5,8,17,18}                  2   1.014    5186         5832         13      
  {3,5,8,17,19}                  1   1.011    23           64           13      
  {3,5,8,17,19}                  2   1.011    5304         6561         13      
  {3,5,8,17,20}                  1   1.008    24           64           14      
  {3,5,8,17,20}                  2   1.008    5488         15625        14      
  {3,5,8,18,19}                  1   1.007    15           25           15      
  {3,5,8,18,19}                  2   1.007    5920         15625        15      
  {3,5,8,18,20}                  1   1.004    24           64           15      
  {3,5,8,18,20}                  2   1.004    6124         15625        16      
  {3,5,8,19,20}                  1   1.001    26           243          18      
  {3,5,8,19,20}                  2   1.001    7121         15625        20      
  {3,5,9,10,11}                  1   1.086    7            81           6       
  {3,5,9,10,11}                  2   1.086    10353        59049        6       
  {3,5,9,10,12}                  1   1.077    16           625          7       
  {3,5,9,10,12}                  2   1.077    11337        59049        7       
  {3,5,9,10,13}                  1   1.069    72           625          7       
  {3,5,9,10,13}                  2   1.069    6107         15625        8       
  {3,5,9,10,14}                  1   1.063    101          196          9       
  {3,5,9,10,14}                  2   1.063    12867        38416        7       
  {3,5,9,10,15}                  1   1.058    97           225          9       
  {3,5,9,10,15}                  2   1.058    13057        390625       7       
  {3,5,9,10,16}                  1   1.053    20           243          9       
  {3,5,9,10,16}                  2   1.053    10459        390625       7       
  {3,5,9,10,17}                  1   1.049    16           243          9       
  {3,5,9,10,17}                  2   1.049    70172        83521        10      
  {3,5,9,10,18}                  1   1.045    77           243          8       
  {3,5,9,10,18}                  2   1.045    75336        100000       10      
  {3,5,9,10,19}                  1   1.042    101          243          8       
  {3,5,9,10,19}                  2   1.042    9871         100000       10      
  {3,5,9,10,20}                  1   1.039    97           243          10      
  {3,5,9,10,20}                  2   1.039    68377        100000       10      
  {3,5,9,11,12}                  1   1.066    103          625          7       
  {3,5,9,11,12}                  2   1.066    14019        59049        9       
  {3,5,9,11,13}                  1   1.058    96           625          7       
  {3,5,9,11,13}                  2   1.058    13267        59049        9       
  {3,5,9,11,14}                  1   1.052    105          196          9       
  {3,5,9,11,14}                  2   1.052    9524         38416        10      
  {3,5,9,11,15}                  1   1.046    103          225          9       
  {3,5,9,11,15}                  2   1.046    4369         14641        9       
  {3,5,9,11,16}                  1   1.042    112          243          11      
  {3,5,9,11,16}                  2   1.042    5046         14641        9       
  {3,5,9,11,17}                  1   1.038    105          243          11      
  {3,5,9,11,17}                  2   1.038    6867         59049        7       
  {3,5,9,11,18}                  1   1.034    112          243          11      
  {3,5,9,11,18}                  2   1.034    13235        104976       12      
  {3,5,9,11,19}                  1   1.031    15           243          11      
  {3,5,9,11,19}                  2   1.031    12797        130321       10      
  {3,5,9,11,20}                  1   1.028    105          243          11      
  {3,5,9,11,20}                  2   1.028    14419        160000       10      
  {3,5,9,12,13}                  1   1.049    92           625          9       
  {3,5,9,12,13}                  2   1.049    14044        20736        11      
  {3,5,9,12,14}                  1   1.043    97           196          11      
  {3,5,9,12,14}                  2   1.043    17761        20736        11      
  {3,5,9,12,15}                  1   1.037    112          225          11      
  {3,5,9,12,15}                  2   1.037    18204        177147       9       
  {3,5,9,12,16}                  1   1.033    22           243          11      
  {3,5,9,12,16}                  2   1.033    13794        177147       11      
  {3,5,9,12,17}                  1   1.028    100          243          11      
  {3,5,9,12,17}                  2   1.028    7256         59049        9       
  {3,5,9,12,18}                  1   1.025    112          243          11      
  {3,5,9,12,18}                  2   1.025    17970        104976       12      
  {3,5,9,12,19}                  1   1.021    16           243          11      
  {3,5,9,12,19}                  2   1.021    7185         15625        12      
  {3,5,9,12,20}                  1   1.019    112          243          12      
  {3,5,9,12,20}                  2   1.019    10065        59049        9       
  {3,5,9,13,14}                  1   1.035    110          169          10      
  {3,5,9,13,14}                  2   1.035    14863        28561        11      
  {3,5,9,13,15}                  1   1.03     100          169          12      
  {3,5,9,13,15}                  2   1.03     15314        28561        11      
  {3,5,9,13,16}                  1   1.025    101          169          12      
  {3,5,9,13,16}                  2   1.025    15546        59049        10      
  {3,5,9,13,17}                  1   1.021    24           169          12      
  {3,5,9,13,17}                  2   1.021    11806        59049        11      
  {3,5,9,13,18}                  1   1.017    110          169          12      
  {3,5,9,13,18}                  2   1.017    21264        104976       13      
  {3,5,9,13,19}                  1   1.014    29           169          13      
  {3,5,9,13,19}                  2   1.014    12246        59049        12      
  {3,5,9,13,20}                  1   1.011    105          169          14      
  {3,5,9,13,20}                  2   1.011    16056        59049        12      
  {3,5,9,14,15}                  1   1.023    97           196          12      
  {3,5,9,14,15}                  2   1.023    15513        50625        12      
  {3,5,9,14,16}                  1   1.019    135          625          11      
  {3,5,9,14,16}                  2   1.019    16011        59049        12      
  {3,5,9,14,17}                  1   1.014    105          625          11      
  {3,5,9,14,17}                  2   1.014    11551        38416        12      
  {3,5,9,14,18}                  1   1.011    119          324          13      
  {3,5,9,14,18}                  2   1.011    75060        390625       12      
  {3,5,9,14,19}                  1   1.007    110          361          15      
  {3,5,9,14,19}                  2   1.007    15987        59049        14      
  {3,5,9,14,20}                  1   1.005    105          400          16      
  {3,5,9,14,20}                  2   1.005    16232        59049        16      
  {3,5,9,15,16}                  1   1.013    103          625          11      
  {3,5,9,15,16}                  2   1.013    6423         15625        12      
  {3,5,9,15,17}                  1   1.009    100          625          14      
  {3,5,9,15,17}                  2   1.009    13765        390625       12      
  {3,5,9,15,18}                  1   1.005    112          324          16      
  {3,5,9,15,18}                  2   1.005    54303        390625       13      
  {3,5,9,15,19}                  1   1.002    16           225          18      
  {3,5,9,15,19}                  2   1.002    10005        130321       18      
  {3,5,9,16,17}                  1   1.004    96           625          16      
  {3,5,9,16,17}                  2   1.004    64805        390625       15      
  {3,5,9,16,18}                  1   1        121          324          22      
  {3,5,9,16,18}                  2   1        66823        390625       21      
  {3,5,10,11,12}                 1   1.052    7            81           6       
  {3,5,10,11,12}                 2   1.052    2284         6561         8       
  {3,5,10,11,13}                 1   1.044    7            81           7       
  {3,5,10,11,13}                 2   1.044    4010         14641        9       
  {3,5,10,11,14}                 1   1.038    7            81           8       
  {3,5,10,11,14}                 2   1.038    6334         14641        9       
  {3,5,10,11,15}                 1   1.033    7            81           8       
  {3,5,10,11,15}                 2   1.033    7100         14641        10      
  {3,5,10,11,16}                 1   1.028    7            81           9       
  {3,5,10,11,16}                 2   1.028    3734         6561         11      
  {3,5,10,11,17}                 1   1.024    7            81           10      
  {3,5,10,11,17}                 2   1.024    6250         14641        11      
  {3,5,10,11,18}                 1   1.02     7            81           10      
  {3,5,10,11,18}                 2   1.02     7229         14641        11      
  {3,5,10,11,19}                 1   1.017    7            81           10      
  {3,5,10,11,19}                 2   1.017    6957         14641        12      
  {3,5,10,11,20}                 1   1.014    7            81           11      
  {3,5,10,11,20}                 2   1.014    9064         14641        12      
  {3,5,10,12,13}                 1   1.035    11           81           8       
  {3,5,10,12,13}                 2   1.035    5476         15625        10      
  {3,5,10,12,14}                 1   1.029    16           196          11      
  {3,5,10,12,14}                 2   1.029    3200         6561         10      
  {3,5,10,12,15}                 1   1.023    16           225          11      
  {3,5,10,12,15}                 2   1.023    5791         15625        11      
  {3,5,10,12,16}                 1   1.019    23           243          12      
  {3,5,10,12,16}                 2   1.019    4851         15625        11      
  {3,5,10,12,17}                 1   1.015    104          243          14      
  {3,5,10,12,17}                 2   1.015    4941         15625        12      
  {3,5,10,12,18}                 1   1.011    16           243          14      
  {3,5,10,12,18}                 2   1.011    6650         15625        13      
  {3,5,10,12,19}                 1   1.008    104          243          14      
  {3,5,10,12,19}                 2   1.008    6740         15625        14      
  {3,5,10,12,20}                 1   1.005    16           243          15      
  {3,5,10,12,20}                 2   1.005    9357         15625        16      
  {3,5,10,13,14}                 1   1.021    20           169          12      
  {3,5,10,13,14}                 2   1.021    5155         15625        12      
  {3,5,10,13,15}                 1   1.016    11           81           9       
  {3,5,10,13,15}                 2   1.016    12191        28561        13      
  {3,5,10,13,16}                 1   1.011    101          169          14      
  {3,5,10,13,16}                 2   1.011    4021         6561         13      
  {3,5,10,13,17}                 1   1.007    11           81           12      
  {3,5,10,13,17}                 2   1.007    5426         15625        15      
  {3,5,10,13,18}                 1   1.003    29           169          16      
  {3,5,10,13,18}                 2   1.003    8001         15625        17      
  {3,5,10,14,15}                 1   1.009    102          196          14      
  {3,5,10,14,15}                 2   1.009    6463         15625        14      
  {3,5,10,14,16}                 1   1.005    20           196          15      
  {3,5,10,14,16}                 2   1.005    7334         15625        15      
  {3,5,10,14,17}                 1   1.001    21           196          21      
  {3,5,10,14,17}                 2   1.001    6107         15625        21      
  {3,5,11,12,13}                 1   1.024    10           81           8       
  {3,5,11,12,13}                 2   1.024    15542        20736        13      
  {3,5,11,12,14}                 1   1.018    99           196          14      
  {3,5,11,12,14}                 2   1.018    3400         20736        13      
  {3,5,11,12,15}                 1   1.012    103          225          14      
  {3,5,11,12,15}                 2   1.012    3716         50625        13      
  {3,5,11,12,16}                 1   1.008    22           243          14      
  {3,5,11,12,16}                 2   1.008    5434         59049        13      
  {3,5,11,12,17}                 1   1.003    99           243          17      
  {3,5,11,12,17}                 2   1.003    4677         59049        15      
  {3,5,11,13,14}                 1   1.01     15           169          14      
  {3,5,11,13,14}                 2   1.01     2993         28561        13      
  {3,5,11,13,15}                 1   1.005    10           81           14      
  {3,5,11,13,15}                 2   1.005    6128         28561        15      
  {3,5,12,13,14}                 1   1.001    11           81           17      
  {3,5,12,13,14}                 2   1.001    18500        59049        20      
  {3,6,7,8,9}                    1   1.135    5            27           6       
  {3,6,7,8,9}                    2   1.135    3112         6561         7       
  {3,6,7,8,10}                   1   1.121    5            27           6       
  {3,6,7,8,10}                   2   1.121    2519         4096         7       
  {3,6,7,8,11}                   1   1.11     5            27           6       
  {3,6,7,8,11}                   2   1.11     2463         4096         8       
  {3,6,7,8,12}                   1   1.1      5            27           7       
  {3,6,7,8,12}                   2   1.1      3534         6561         8       
  {3,6,7,8,13}                   1   1.093    5            27           8       
  {3,6,7,8,13}                   2   1.093    2409         4096         9       
  {3,6,7,8,14}                   1   1.086    5            27           8       
  {3,6,7,8,14}                   2   1.086    3570         6561         8       
  {3,6,7,8,15}                   1   1.081    5            27           8       
  {3,6,7,8,15}                   2   1.081    4120         6561         8       
  {3,6,7,8,16}                   1   1.076    5            27           9       
  {3,6,7,8,16}                   2   1.076    6781         16807        8       
  {3,6,7,8,17}                   1   1.072    5            27           9       
  {3,6,7,8,17}                   2   1.072    4408         6561         9       
  {3,6,7,8,18}                   1   1.068    5            27           9       
  {3,6,7,8,18}                   2   1.068    3148         16807        8       
  {3,6,7,8,19}                   1   1.065    5            27           9       
  {3,6,7,8,19}                   2   1.065    6498         16807        9       
  {3,6,7,8,20}                   1   1.062    5            27           10      
  {3,6,7,8,20}                   2   1.062    4344         16807        10      
  {3,6,7,9,10}                   1   1.103    14           49           7       
  {3,6,7,9,10}                   2   1.103    9242         16807        8       
  {3,6,7,9,11}                   1   1.092    8            27           8       
  {3,6,7,9,11}                   2   1.092    10041        46656        7       
  {3,6,7,9,12}                   1   1.083    53           216          9       
  {3,6,7,9,12}                   2   1.083    25332        117649       8       
  {3,6,7,9,13}                   1   1.075    17           49           9       
  {3,6,7,9,13}                   2   1.075    9114         28561        8       
  {3,6,7,9,14}                   1   1.069    11           49           9       
  {3,6,7,9,14}                   2   1.069    10221        38416        7       
  {3,6,7,9,15}                   1   1.063    53           216          7       
  {3,6,7,9,15}                   2   1.063    20121        117649       9       
  {3,6,7,9,16}                   1   1.058    20           49           9       
  {3,6,7,9,16}                   2   1.058    12946        117649       9       
  {3,6,7,9,17}                   1   1.054    14           49           10      
  {3,6,7,9,17}                   2   1.054    14586        83521        10      
  {3,6,7,9,18}                   1   1.05     53           216          8       
  {3,6,7,9,18}                   2   1.05     71925        177147       10      
  {3,6,7,9,19}                   1   1.047    23           49           10      
  {3,6,7,9,19}                   2   1.047    15452        117649       10      
  {3,6,7,9,20}                   1   1.044    17           49           10      
  {3,6,7,9,20}                   2   1.044    16881        117649       9       
  {3,6,7,10,11}                  1   1.078    8            27           8       
  {3,6,7,10,11}                  2   1.078    2392         14641        9       
  {3,6,7,10,12}                  1   1.069    14           49           8       
  {3,6,7,10,12}                  2   1.069    9160         46656        8       
  {3,6,7,10,13}                  1   1.061    24           49           9       
  {3,6,7,10,13}                  2   1.061    2301         16807        9       
  {3,6,7,10,14}                  1   1.055    38           81           9       
  {3,6,7,10,14}                  2   1.055    7267         16807        9       
  {3,6,7,10,15}                  1   1.049    14           49           10      
  {3,6,7,10,15}                  2   1.049    7981         16807        9       
  {3,6,7,10,16}                  1   1.044    57           216          9       
  {3,6,7,10,16}                  2   1.044    6098         16807        9       
  {3,6,7,10,17}                  1   1.04     41           81           10      
  {3,6,7,10,17}                  2   1.04     7577         16807        10      
  {3,6,7,10,18}                  1   1.037    14           49           10      
  {3,6,7,10,18}                  2   1.037    8756         16807        10      
  {3,6,7,10,19}                  1   1.033    60           216          9       
  {3,6,7,10,19}                  2   1.033    9306         16807        10      
  {3,6,7,10,20}                  1   1.03     41           81           11      
  {3,6,7,10,20}                  2   1.03     8913         16807        10      
  {3,6,7,11,12}                  1   1.058    8            27           9       
  {3,6,7,11,12}                  2   1.058    15444        46656        9       
  {3,6,7,11,13}                  1   1.05     8            27           9       
  {3,6,7,11,13}                  2   1.05     2929         14641        9       
  {3,6,7,11,14}                  1   1.044    8            27           9       
  {3,6,7,11,14}                  2   1.044    3043         14641        9       
  {3,6,7,11,15}                  1   1.038    8            27           10      
  {3,6,7,11,15}                  2   1.038    6993         46656        10      
  {3,6,7,11,16}                  1   1.033    8            27           10      
  {3,6,7,11,16}                  2   1.033    3736         14641        10      
  {3,6,7,11,17}                  1   1.029    8            27           10      
  {3,6,7,11,17}                  2   1.029    8421         46656        9       
  {3,6,7,11,18}                  1   1.025    8            27           10      
  {3,6,7,11,18}                  2   1.025    9555         46656        9       
  {3,6,7,11,19}                  1   1.022    8            27           12      
  {3,6,7,11,19}                  2   1.022    8126         46656        9       
  {3,6,7,11,20}                  1   1.019    28           49           12      
  {3,6,7,11,20}                  2   1.019    9366         46656        12      
  {3,6,7,12,13}                  1   1.041    17           49           9       
  {3,6,7,12,13}                  2   1.041    4263         16807        8       
  {3,6,7,12,14}                  1   1.034    11           27           10      
  {3,6,7,12,14}                  2   1.034    4830         16807        10      
  {3,6,7,12,15}                  1   1.029    53           216          10      
  {3,6,7,12,15}                  2   1.029    20184        117649       10      
  {3,6,7,12,16}                  1   1.024    20           49           12      
  {3,6,7,12,16}                  2   1.024    6124         46656        11      
  {3,6,7,12,17}                  1   1.02     14           49           12      
  {3,6,7,12,17}                  2   1.02     14532        46656        12      
  {3,6,7,12,18}                  1   1.016    53           216          12      
  {3,6,7,12,18}                  2   1.016    26520        104976       12      
  {3,6,7,12,19}                  1   1.013    23           49           12      
  {3,6,7,12,19}                  2   1.013    15523        46656        13      
  {3,6,7,12,20}                  1   1.01     17           49           13      
  {3,6,7,12,20}                  2   1.01     16539        46656        13      
  {3,6,7,13,14}                  1   1.027    11           27           10      
  {3,6,7,13,14}                  2   1.027    4243         16807        10      
  {3,6,7,13,15}                  1   1.021    17           49           13      
  {3,6,7,13,15}                  2   1.021    5749         28561        12      
  {3,6,7,13,16}                  1   1.017    190          729          11      
  {3,6,7,13,16}                  2   1.017    5357         16807        11      
  {3,6,7,13,17}                  1   1.013    41           729          13      
  {3,6,7,13,17}                  2   1.013    6252         16807        12      
  {3,6,7,13,18}                  1   1.009    17           49           15      
  {3,6,7,13,18}                  2   1.009    9897         28561        13      
  {3,6,7,13,19}                  1   1.006    190          343          15      
  {3,6,7,13,19}                  2   1.006    8773         28561        16      
  {3,6,7,13,20}                  1   1.003    210          343          18      
  {3,6,7,13,20}                  2   1.003    8952         28561        18      
  {3,6,7,14,15}                  1   1.015    11           27           12      
  {3,6,7,14,15}                  2   1.015    20460        46656        12      
  {3,6,7,14,16}                  1   1.01     11           27           14      
  {3,6,7,14,16}                  2   1.01     7459         38416        13      
  {3,6,7,14,17}                  1   1.006    28           729          15      
  {3,6,7,14,17}                  2   1.006    10131        38416        13      
  {3,6,7,14,18}                  1   1.002    11           27           17      
  {3,6,7,14,18}                  2   1.002    10059        38416        17      
  {3,6,7,15,16}                  1   1.005    20           729          15      
  {3,6,7,15,16}                  2   1.005    7809         46656        13      
  {3,6,7,15,17}                  1   1.001    14           27           22      
  {3,6,7,15,17}                  2   1.001    18141        83521        21      
  {3,6,8,9,10}                   1   1.079    7            27           8       
  {3,6,8,9,10}                   2   1.079    1075804      4782969      8       
  {3,6,8,9,11}                   1   1.068    16           64           9       
  {3,6,8,9,11}                   2   1.068    14740        32768        8       
  {3,6,8,9,12}                   1   1.059    61           216          9       
  {3,6,8,9,12}                   2   1.059    499151291    1073741824   9       
  {3,6,8,9,13}                   1   1.051    10           27           9       
  {3,6,8,9,13}                   2   1.051    30641        46656        9       
  {3,6,8,9,14}                   1   1.045    19           64           9       
  {3,6,8,9,14}                   2   1.045    38856        46656        11      
  {3,6,8,9,15}                   1   1.039    61           216          8       
  {3,6,8,9,15}                   2   1.039    136349024    362797056    9       
  {3,6,8,9,16}                   1   1.035    13           64           10      
  {3,6,8,9,16}                   2   1.035    60244        177147       9       
  {3,6,8,9,17}                   1   1.03     22           64           10      
  {3,6,8,9,17}                   2   1.03     1916609      4782969      11      
  {3,6,8,9,18}                   1   1.027    61           216          9       
  {3,6,8,9,18}                   2   1.027    499197884    1073741824   11      
  {3,6,8,9,19}                   1   1.023    16           64           11      
  {3,6,8,9,19}                   2   1.023    2031720      4782969      11      
  {3,6,8,9,20}                   1   1.02     25           64           11      
  {3,6,8,9,20}                   2   1.02     47346        160000       10      
  {3,6,8,10,11}                  1   1.054    7            27           8       
  {3,6,8,10,11}                  2   1.054    6839         14641        10      
  {3,6,8,10,12}                  1   1.045    7            27           9       
  {3,6,8,10,12}                  2   1.045    295422       531441       10      
  {3,6,8,10,13}                  1   1.037    7            27           10      
  {3,6,8,10,13}                  2   1.037    30219        46656        11      
  {3,6,8,10,14}                  1   1.031    7            27           10      
  {3,6,8,10,14}                  2   1.031    36950        46656        12      
  {3,6,8,10,15}                  1   1.025    7            27           11      
  {3,6,8,10,15}                  2   1.025    1067137      10000000     10      
  {3,6,8,10,16}                  1   1.021    7            27           12      
  {3,6,8,10,16}                  2   1.021    14508        46656        13      
  {3,6,8,10,17}                  1   1.016    7            27           12      
  {3,6,8,10,17}                  2   1.016    187702       531441       12      
  {3,6,8,10,18}                  1   1.013    7            27           13      
  {3,6,8,10,18}                  2   1.013    888127       10000000     11      
  {3,6,8,10,19}                  1   1.01     7            27           13      
  {3,6,8,10,19}                  2   1.01     205982       531441       14      
  {3,6,8,10,20}                  1   1.007    7            27           14      
  {3,6,8,10,20}                  2   1.007    14345        32768        14      
  {3,6,8,11,12}                  1   1.034    16           64           10      
  {3,6,8,11,12}                  2   1.034    12192        20736        10      
  {3,6,8,11,13}                  1   1.026    10           27           10      
  {3,6,8,11,13}                  2   1.026    3562         14641        11      
  {3,6,8,11,14}                  1   1.02     57           196          12      
  {3,6,8,11,14}                  2   1.02     6297         14641        12      
  {3,6,8,11,15}                  1   1.014    16           64           12      
  {3,6,8,11,15}                  2   1.014    15108        32768        14      
  {3,6,8,11,16}                  1   1.01     40           81           14      
  {3,6,8,11,16}                  2   1.01     14951        32768        14      
  {3,6,8,11,17}                  1   1.005    60           216          14      
  {3,6,8,11,17}                  2   1.005    10402        32768        15      
  {3,6,8,11,18}                  1   1.002    16           64           18      
  {3,6,8,11,18}                  2   1.002    15388        32768        19      
  {3,6,8,12,13}                  1   1.017    10           27           12      
  {3,6,8,12,13}                  2   1.017    30515        1594323      9       
  {3,6,8,12,14}                  1   1.011    19           64           13      
  {3,6,8,12,14}                  2   1.011    38874        531441       14      
  {3,6,8,12,15}                  1   1.005    61           216          15      
  {3,6,8,12,15}                  2   1.005    136349087    362797056    14      
  {3,6,8,12,16}                  1   1        13           27           23      
  {3,6,8,12,16}                  2   1        29869        177147       20      
  {3,6,8,13,14}                  1   1.003    10           27           17      
  {3,6,8,13,14}                  2   1.003    30000        177147       15      
  {3,6,9,10,11}                  1   1.036    8            27           10      
  {3,6,9,10,11}                  2   1.036    15424        100000       10      
  {3,6,9,10,12}                  1   1.027    107          729          9       
  {3,6,9,10,12}                  2   1.027    1473914231   10000000000  11      
  {3,6,9,10,13}                  1   1.019    20           169          13      
  {3,6,9,10,13}                  2   1.019    39121        100000       12      
  {3,6,9,10,14}                  1   1.013    11           27           13      
  {3,6,9,10,14}                  2   1.013    45726        100000       14      
  {3,6,9,10,15}                  1   1.008    107          729          11      
  {3,6,9,10,15}                  2   1.008    1111111964   3486784401   15      
  {3,6,9,10,16}                  1   1.003    23           216          17      
  {3,6,9,10,16}                  2   1.003    66500        100000       18      
  {3,6,9,11,12}                  1   1.016    118          729          10      
  {3,6,9,11,12}                  2   1.016    167126       531441       12      
  {3,6,9,11,13}                  1   1.008    10           27           14      
  {3,6,9,11,13}                  2   1.008    22047        46656        15      
  {3,6,9,11,14}                  1   1.002    22           196          18      
  {3,6,9,11,14}                  2   1.002    20515        46656        18      
  {3,6,10,11,12}                 1   1.002    8            27           18      
  {3,6,10,11,12}                 2   1.002    15605        46656        18      
  {3,7,8,9,10}                   1   1.046    50           81           11      
  {3,7,8,9,10}                   2   1.046    9789         32768        10      
  {3,7,8,9,11}                   1   1.035    13           81           11      
  {3,7,8,9,11}                   2   1.035    14457        32768        10      
  {3,7,8,9,12}                   1   1.025    62           243          11      
  {3,7,8,9,12}                   2   1.025    17749        20736        12      
  {3,7,8,9,13}                   1   1.018    14           81           12      
  {3,7,8,9,13}                   2   1.018    18739        59049        11      
  {3,7,8,9,14}                   1   1.011    13           49           13      
  {3,7,8,9,14}                   2   1.011    17139        59049        14      
  {3,7,8,9,15}                   1   1.006    14           49           14      
  {3,7,8,9,15}                   2   1.006    18583        50625        15      
  {3,7,8,9,16}                   1   1.001    22           81           20      
  {3,7,8,9,16}                   2   1.001    30125        117649       20      
  {3,7,8,10,11}                  1   1.021    6            27           11      
  {3,7,8,10,11}                  2   1.021    3261         6561         12      
  {3,7,8,10,12}                  1   1.012    14           81           13      
  {3,7,8,10,12}                  2   1.012    3319         6561         13      
  {3,7,8,10,13}                  1   1.004    63           169          16      
  {3,7,8,10,13}                  2   1.004    4543         16807        15      
  {3,7,8,11,12}                  1   1        25           81           24      
  {3,7,8,11,12}                  2   1        4173         20736        22      
  {3,7,9,10,11}                  1   1.003    15           81           17      
  {3,7,9,10,11}                  2   1.003    15288        100000       16      
  {4,5,6,7,8}                    1   1.093    3            16           8       
  {4,5,6,7,8}                    2   1.093    2368         15625        7       
  {4,5,6,7,9}                    1   1.075    8            25           9       
  {4,5,6,7,9}                    2   1.075    1679         3125         8       
  {4,5,6,7,10}                   1   1.061    24           49           10      
  {4,5,6,7,10}                   2   1.061    2524         7776         9       
  {4,5,6,7,11}                   1   1.05     19           121          9       
  {4,5,6,7,11}                   2   1.05     3328         7776         9       
  {4,5,6,7,12}                   1   1.041    14           49           10      
  {4,5,6,7,12}                   2   1.041    2900         15625        8       
  {4,5,6,7,13}                   1   1.033    14           49           10      
  {4,5,6,7,13}                   2   1.033    2624         3125         11      
  {4,5,6,7,14}                   1   1.027    8            16           11      
  {4,5,6,7,14}                   2   1.027    3808         15625        10      
  {4,5,6,7,15}                   1   1.021    39           125          12      
  {4,5,6,7,15}                   2   1.021    3753         15625        11      
  {4,5,6,7,16}                   1   1.017    24           125          12      
  {4,5,6,7,16}                   2   1.017    5580         46656        12      
  {4,5,6,7,17}                   1   1.013    19           49           14      
  {4,5,6,7,17}                   2   1.013    3320         15625        12      
  {4,5,6,7,18}                   1   1.009    19           49           15      
  {4,5,6,7,18}                   2   1.009    4077         5832         14      
  {4,5,6,7,19}                   1   1.006    14           25           15      
  {4,5,6,7,19}                   2   1.006    4177         15625        15      
  {4,5,6,7,20}                   1   1.003    44           125          16      
  {4,5,6,7,20}                   2   1.003    4028         15625        17      
  {4,5,6,8,9}                    1   1.051    7            25           9       
  {4,5,6,8,9}                    2   1.051    4706         15625        10      
  {4,5,6,8,10}                   1   1.037    7            16           10      
  {4,5,6,8,10}                   2   1.037    12772        32768        9       
  {4,5,6,8,11}                   1   1.026    7            16           11      
  {4,5,6,8,11}                   2   1.026    3720         7776         12      
  {4,5,6,8,12}                   1   1.017    7            16           13      
  {4,5,6,8,12}                   2   1.017    8296         20736        14      
  {4,5,6,8,13}                   1   1.01     7            25           14      
  {4,5,6,8,13}                   2   1.01     5125         28561        14      
  {4,5,6,8,14}                   1   1.003    7            25           17      
  {4,5,6,8,14}                   2   1.003    15868        262144       15      
  {4,5,6,9,10}                   1   1.019    33           81           12      
  {4,5,6,9,10}                   2   1.019    8070         15625        13      
  {4,5,6,9,11}                   1   1.008    48           216          14      
  {4,5,6,9,11}                   2   1.008    3736         14641        13      
  {4,5,7,8,9}                    1   1.018    10           25           12      
  {4,5,7,8,9}                    2   1.018    4122         15625        11      
  {4,5,7,8,10}                   1   1.004    6            16           17      
  {4,5,7,8,10}                   2   1.004    4376         15625        16      

# summary: 2236 strict hypothesis-meeting cases tested.
#          2236 verified (Erdos 124 unconditionally certified)
#          0 failed verification
#          49.20s elapsed
